abbiegen,0,0
abbildung,0,0
abbrechen,0,0
abend,0,0
abends,0,0
abenteuer,0,0
aber,0,0
abfahren,0,0
abfahrt,0,0
abfall,0,0
abfliegen,0,0
abfluss,0,0
abgeben,0,0
abhang,0,0
abholen,0,0
abkürzen,0,0
ablagerung,1,0
ablaufen,0,0
ablehnen,0,0
ablenken,0,0
abliefern,0,0
abmachen,0,0
abmontieren,0,0
abnehmen,0,0
abpacken,0,0
abrechnen,0,0
abreisen,0,0
absagen,0,0
absage,0,0
abschalten,0,0
abschicken,0,0
abschliessen,0,0
abschluss,0,0
absenden,0,0
absicht,0,0
abstand,0,0
abstellen,0,0
abstieg,0,0
abstimmen,0,0
abstürzen,0,0
abteilung,0,0
abwaschen,0,0
abwechslung,0,0
abweichen,0,0
abwesend,0,0
achse,0,0
achten,0,0
adresse,0,0
affe,0,0
ähnlich,0,0
ahnung,0,0
akte,0,0
aktie,0,0
aktiv,0,0
alkohol,0,0
alle,0,0
allein,0,0
allerdings,0,0
allgemein,0,0
allmählich,0,0
als,0,0
alt,0,0
alter,0,0
ampel,0,0
amt,0,0
ameise,0,0
altertum,0,0
anbei,0,0
anbieten,0,0
ander,0,0
anders,0,0
ändern,0,0
anfang,0,0
anfall,0,0
anfangen,0,0
anfassen,0,0
anforderung,0,0
angabe,0,0
angeben,0,0
angeblich,0,0
angebot,0,0
angebracht,0,0
angelegenheit,0,0
angeln,0,0
angenehm,0,0
angestellte,0,0
angreifen,0,0
angst,0,0
anhalten,0,0
anheben,0,0
anklagen,0,0
anklicken,0,0
anklopfen,0,0
ankommen,0,0
ankündigen,0,0
anlage,0,0
anliegen,0,0
anmachen,0,0
anmeldung,0,0
annahme,0,0
annehmen,0,0
anpassen,0,0
anrufen,0,0
ansage,0,0
anschliessen,0,0
ansicht,0,0
anspruchsvoll,0,0
anständig,0,0
anstatt,0,0
anstecken,0,0
anstrengen,0,0
anteil,0,0
antrag,0,0
antworten,0,0
anwalt,0,0
anwenden,0,0
anwesend,0,0
anzahl,0,0
anzeige,0,0
anziehen,0,0
apfel,0,0
apparat,0,0
appetit,0,0
april,0,0
arbeit,0,0
arbeiten,0,0
arbeitszeit,0,0
arbeitnehmer,0,0
arbeitsplatz,0,0
ärger,0,0
ärgern,0,0
armut,0,0
arm,0,0
ärmel,0,0
art,0,0
arzt,0,0
ast,0,0
asche,0,0
atmen,0,0
atem,0,0
auch,0,0
aufbewahren,0,0
aufdringlich,0,0
aufenthalt,0,0
auffallen,0,0
auffordern,0,0
aufgabe,0,0
aufgeben,0,0
aufhalten,1,1
aufhängen,0,0
aufheben,0,0
aufhören,0,0
aufladen,0,0
auflösen,0,0
aufmachen,0,0
aufmerksam,0,0
aufnehmen,0,0
aufpassen,0,0
aufregen,0,0
aufschliessen,0,0
aufschreiben,0,0
aufsichtrat,0,0
aufsicht,0,0
aufstehen,0,0
aufstellen,0,0
auftrag,0,0
aufwachen,0,0
aufwecken,0,0
aufzählen,0,0
aufzeichnen,0,0
aufzug,0,0
auge,0,0
august,0,0
ausbauen,0,0
ausbildung,0,0
ausbreiten,0,0
ausdauer,0,0
ausdehnen,0,0
ausdehnen,0,0
ausdenken,0,0
ausdrücken,0,0
auseinander,0,0
ausfahrt,0,0
ausfallen,0,0
ausflug,0,0
ausfuhr,0,0
ausführlich,0,0
ausfüllen,0,0
ausgang,0,0
ausgeben,0,0
ausgehen,0,0
ausgeschlossen,0,0
ausgezeichnet,0,0
ausgleichen,0,0
aushalten,0,0
aushelfen,0,0
auskennen,0,0
auskunft,0,0
ausland,0,0
ausländer,0,0
auslassen,0,0
auslösen,0,0
ausmachen,0,0
ausnahme,0,0
ausnützen,0,0
auspacken,0,0
ausprobieren,0,0
auspuff,0,0
ausrechnen,0,0
ausruhen,0,0
ausrutschen,0,0
aussage,0,0
ausschalten,0,0
ausschliessen,0,0
ausschneiden,0,0
aussehen,0,0
aussen,0,0
ausserdem,0,0
äussern,0,0
aussicht,0,0
aussprechen,0,0
aussprechen,0,0
ausstattung,0,0
aussteigen,0,0
ausstellung,0,0
ausstrecken,3,0
austauschen,0,0
ausverkauf,0,0
auswahl,0,0
auswählen,0,0
ausweichen,0,0
ausweis,0,0
auswirkung,0,0
ausziehen,0,0
auto,0,0
baby,0,0
neugeborene,0,0
backe,0,0
bach,0,0
backen,0,0
bäckerei,0,0
bad,0,0
baden,0,0
bahn,26,26
bahnhof,0,0
bald,0,0
balkon,0,0
ball,0,0
band,0,0
bank,0,0
bar,0,0
barmherzig,0,0
bart,0,0
batterie,0,0
bauen,0,0
bauch,0,0
bauer,0,0
baum,0,0
beachten,0,0
beamte,0,0
beanspruchen,0,0
beanstanden,0,0
beantragen,0,0
beaufsichtigen,0,0
beauftragen,0,0
bedanken,0,0
bedauern,0,0
bedeuten,0,0
bedienen,0,0
bedienung,0,0
bedingung,0,0
bedrohen,0,0
beeilen,0,0
beeindrucken,0,0
beeinflussen,0,0
beenden,0,0
beere,0,0
befassen,0,0
befehlen,0,0
befestigen,0,0
befinden,0,0
befördern,0,0
befreien,0,0
befriedigen,1,0
befürchten,0,0
begabung,0,0
begegnen,0,0
begeisterung,0,0
beginnen,0,0
beglaubigen,0,0
begleiten,0,0
begreifen,0,0
begrenzen,0,0
begrüssen,0,0
begutachten,0,0
behalten,0,0
behandeln,0,0
behaupten,0,0
beherrschen,0,0
behindern,0,0
behörde,0,0
beide,0,0
beiliegend,0,0
bein,0,0
beispiel,0,0
beissen,0,0
beitragen,0,0
bekannt,0,0
beklagen,0,0
bekommen,0,0
belasten,0,0
belästigen,0,0
beleg,0,0
beleidigen,0,0
beleuchten,0,0
beliebt,0,0
belohnen,0,0
bemerken,0,0
bemühen,0,0
benachrichtigen,0,0
benehmen,0,0
beneiden,0,0
benötigen,0,0
benützen,0,0
benzin,0,0
beobachten,0,0
bequem,0,0
beraten,0,0
berechnen,0,0
Berechtigung,0,0
Bereich,0,0
bereit,0,0
bereuen,0,0
Berg,0,0
Bericht,0,0
berücksichtigen,0,0
Beruf,0,0
beruhigen,0,0
berühmt,0,0
beschädigen,0,0
beschaffen,0,0
beschäftigen,0,0
beschäftigen,0,0
bescheiden,0,0
beschleunigen,0,0
beschließen,0,0
beschränken,0,0
beschreiben,0,0
beschuldigen,0,0
beschützen,0,0
beschweren,0,0
Besen,0,0
besetzt,0,0
Besitz,0,0
besonders,0,0
besorgen,0,0
besorgen,0,0
Besorgnis,0,0
besprechen,0,0
besser,0,0
Bestand,0,0
bestätigen,3,0
bestellen,0,0
beteiligen,0,0
betonen,0,0
beträchtlich,0,0
Betrag,0,0
betreffen,0,0
betreten,0,0
Betrieb,0,0
betrügen,0,0
betrunken,0,0
Bett,0,0
beunruhigen,0,0
beurteilen,0,0
Bevölkerung,0,0
bevor,0,0
bewachen,0,0
bewegen,1,0
beweisen,0,0
bewerben,0,0
Bewerbung,0,0
bewilligen,0,0
Bewilligung,0,0
bewirken,0,0
bewundern,0,0
bewusst,0,0
bezahlen,0,0
bezeichnen,0,0
beziehen,0,0
biegen,0,0
Bier,0,0
Bild,0,0
bilden,0,0
Bildung,0,0
bisher,0,0
bitte,0,0
bitten,0,0
bitter,0,0
blasen,0,0
Blatt,0,0
blau,0,0
blech,0,0
blei,0,0
bleiben,0,0
Blick,0,0
blind,0,0
blitz,0,0
blond,0,0
blume,0,0
Bluse,0,0
Blut,0,0
Boden,0,0
Bodenschätze,1,0
bohren,0,0
Boot,0,0
boshaft,0,0
Branche,0,0
braten,0,0
brauchen,0,0
braun,0,0
brav,0,0
brechen,0,0
breit,0,0
bremsen,0,0
brennen,0,0
Brett,3,0
Briefmarke,0,0
Brille,0,0
bringen,0,0
Brot,0,0
Brötchen,0,0
Brücke,0,0
Bruder,0,0
Brunnen,0,0
Brust,0,0
Buch,0,0
buchen,0,0
Buche,0,0
Buchse,0,0
Buchstabe,0,0
buchstabieren,0,0
Büch,0,0
bügeln,0,0
Bühne,0,0
Bund,0,0
Burg,0,0
Bürger,24,23
Bürgermeister,0,0
Büro,0,0
Bürste,0,0
Bus,0,0
Busch,0,0
Buße,0,0
Butter,0,0
Chance,0,0
Charakter,0,0
Chef,0,0
Chefin,0,0
Chemie,0,0
Chirurg,0,0
Chirurgie,0,0
Computer,0,0
Cousin,0,0
Dach,0,0
Dackel,0,0
dadurch,0,0
dafür,0,0
dagegen,0,0
dahin,0,0
dahinter,0,0
damals,0,0
Dame,0,0
Dampf,0,0
danken,0,0
dankbar,0,0
dann,0,0
daran,0,0
darauf,0,0
darum,0,0
Darm,0,0
Darum,0,0
Datum,0,0
dauern,0,0
Dauer,0,0
davon,0,0
davor,0,0
dazwischen,0,0
Decke,0,0
Deckel,0,0
denken,0,0
denn,0,0
deshalb,0,0
deswegen,0,0
desto,0,0
deutlich,0,0
deutsch,0,0
Dichter,0,0
Gedicht,0,0
dick,0,0
Dieb,0,0
Diebstahl,0,0
Dienst,0,0
Dienstleistung,0,0
Dienstreise,0,0
dies,0,0
dieser,0,0
dieses,0,0
Ding,0,0
Dingsda,0,0
Direktor,0,0
Direktorin,0,0
diskutieren,0,0
doch,0,0
Doktor,0,0
Dokument,0,0
Donner,0,0
Gewitter,0,0
Donnerstag,0,0
doppelt,0,0
Dorf,0,0
Dorn,0,0
dornig,0,0
Dose,0,0
Dosentelefon,0,0
Draht,0,0
dreckig,0,0
Dreck,0,0
drehen,0,0
Drehzahl,0,0
drin,0,0
drohen,0,0
Drohung,0,0
Druck,0,0
drucken,0,0
Drucker,0,0
Druckerei,0,0
drüben,0,0
drücken,0,0
drunter,0,0
drüber,0,0
dumm,0,0
dunkel,0,0
Dunkelheit,0,0
Gleichgewicht,0,0
Gleis,0,0
Glied,0,0
Grab,0,0
Gras,0,0
Haar,0,0
Handtuch,0,0
Handy,0,0
Harz,0,0
Haus,0,0
Hauschuh,0,0
Heft,0,0
Hemd,0,0
Heu,0,0
Hieb,0,0
Holz,0,0
Horn,0,0
Hotel,0,0
Internet,0,0
Kalb,0,0
Kind,0,0
Kinn,0,0
Kino,0,0
Knie,0,0
Mitleid,0,0
Mittel,0,0
Moor,0,0
Museum,0,0
Muster,0,0
Durst,0,0
Grad,0,0
Grund,0,0
Gummi,0,0
Gürtel,0,0
Gutschein,0,0
Hals,0,0
Hammer,0,0
Handel,0,0
Hang,0,0
Harn,0,0
Hass,0,0
Haushalt,1,1
Hebel,0,0
Heck,0,0
Herbst,0,0
Hinweis,0,0
Hof,0,0
Horizont,0,0
Hubschrauber,0,0
Hügel,0,0
Hund,0,0
Hunger,0,0
Husten,0,0
Ingenieur,0,0
Inhalt,0,0
Kabel,0,0
Kaffee,0,0
Käfig,0,0
Kalender,0,0
Kamm,0,0
Kampf,0,0
Kanal,0,0
Kanister,0,0
Käpt’n,0,0
Käse,0,0
Kasten,0,0
Käufer,0,0
Kindergarten,0,0
Kiosk,0,0
Knall,0,0
Knick,0,0
Knochen,0,0
Knopf,0,0
Koch,0,0
Koffer,0,0
Kollaps,0,0
Kollege,0,0
Mittag,0,0
Mittwoch,0,0
Moment,0,0
Monat,0,0
Mond,0,0
Montag,0,0
Mord,0,0
Morgen,0,0
Müll,0,0
Mund,0,0
Musiker,0,0
Muskel,0,0
Nabel,0,0
Nachbar,0,0
Nachmittag,0,0
Nacken,0,0
Nagel,0,0
Name,0,0
Neffe,0,0
Glocke,0,0
Gnade,0,0
Grenze,0,0
Gruppe,0,0
Haltestelle,0,0
Hand,0,0
Handtasche,0,0
Hauptschule,0,0
Hausfrau,0,0
Haut,0,0
Heimat,0,0
Heizung,0,0
Herkunft,0,0
Heuschrecke,0,0
Hilfe,0,0
Hitze,0,0
Hochzeit,0,0
Höflichkeit,0,0
Hölle,0,0
Hose,1,1
Hütte,0,0
Idee,0,0
Industrie,0,0
Information,0,0
Insel,0,0
Kabine,0,0
Kälte,0,0
Kamera,0,0
Kanne,0,0
Kante,0,0
Karotte,0,0
Karte,0,0
Kartoffel,0,0
Kasse,0,0
Kaution,0,0
Kette,0,0
Kinnlade,0,0
Kirche,0,0
Kirsche,0,0
Kiste,0,0
Klingel,0,0
Klinik,0,0
Klinke,0,0
Kohle,0,0
Kombination,0,0
Mitte,0,0
Mitteilung,0,0
Mitternacht,0,0
Mücke,0,0
Müdigkeit,0,0
Mühe,0,0
Mündung,0,0
Münze,0,0
Muschel,0,0
Mutter,0,0
Mütze,0,0
Nachricht,0,0
Nähe,0,0
Nase,0,0
Neuigkeit,0,0
Niederlage,0,0
Niere,0,0
dünn,3,2
durch,0,0
durcheinander,0,0
durchfallen,0,0
durchführbar,0,0
Durchmesser,0,0
Durchreise,0,0
Durchsage,0,0
Durchschnitt,0,0
durchsuchen,0,0
dürfen,0,0
dürr,0,0
Dürre,0,0
Durst,0,0
Dusche,0,0
duschen,0,0
Dutzend,0,0
eben,0,0
Ebene,0,0
ebenfalls,0,0
echt,0,0
Effekt,0,0
effektiv,0,0
egal,0,0
ehe,0,0
Ehefrau,0,0
Ehemann,0,0
Ehre,0,0
ehrlich,0,0
eichen,0,0
Eid,0,0
eifersüchtig,0,0
eigen,0,0
eigenartig,0,0
Eigenschaft,0,0
eigentlich,0,0
eignen,0,0
eilen,0,0
Eimer,0,0
einbauen,0,0
einbiegen,0,0
einbilden,0,0
Einblick,0,0
einbrechen,0,0
Einbrecher,0,0
Einbruch,0,0
Einfall,0,0
einfallen,0,0
einflößen,0,0
einführen,0,0
Einführung,30,29
Eingang,0,0
Eingangstür,0,0
eingeben,0,0
Eingeständnis,0,0
eingreifen,0,0
einhalten,0,0
einig,0,0
einigen,0,0
Einkauf,0,0
einkaufen,0,0
Einkommen,0,0
einladen,0,0
einnehmen,0,0
einpacken,0,0
einräumen,0,0
einsam,0,0
einschalten,0,0
Einschaltzeit,0,0
einschlafen,0,0
einschließen,0,0
einschließen,1,0
einschmelzen,0,0
einsenden,0,0
einsitzen,0,0
einsortieren,0,0
einteilen,0,0
eintragen,0,0
eintreffen,0,0
eintreten,0,0
Eintritt,0,0
Eintrittskarte,0,0
Einverständnis,0,0
Einwand,0,0
einwandfrei,0,0
einwilligen,0,0
Einwohner,0,0
einzahlen,0,0
Einzelheit,0,0
einzeln,0,0
einzig,0,0
Einzug,0,0
Eis,0,0
Eisen,0,0
Eisenbahn,0,0
Eiskasten,0,0
Eiswürfel,0,0
elektrisch,0,0
Elektrizität,0,0
Element,0,0
Elend,0,0
Elfmeter,0,0
empfangen,0,0
Empfänger,0,0
empfehlen,0,0
empfinden,0,0
empfindlich,0,0
Empfindung,0,0
empören,0,0
Ende,0,0
endlich,0,0
eng,0,0
Engel,0,0
Enkel,0,0
enormen,0,0
Ensemble,0,0
entbehren,0,0
entdecken,0,0
entfliehen,0,0
Entführung,0,0
entgegennehmen,0,0
Entgelt,0,0
enthalten,0,0
entladen,0,0
entlassen,24,23
entlaufen,0,0
entnehmen,0,0
entscheiden,0,0
Entscheidung,0,0
entschließen,0,0
entschuldigen,0,0
Entschuldigung,0,0
entsetzlich,0,0
entspannen,0,0
entsprechen,0,0
entstehen,0,0
enttäuschen,0,0
entweder,0,0
entwickeln,0,0
Entwurf,0,0
Entzündung,0,0
Erbe,0,0
Erbin,0,0
erbrechen,0,0
Erdbeere,0,0
Erdbeschoss,0,0
Erde,0,0
ereignen,0,0
Erfahrung,0,0
erfinden,0,0
Erfolg,0,0
erfroren,0,0
erfüllen,0,0
ergänzen,0,0
Ergebnis,0,0
erhalten,0,0
erheben,0,0
erkennen,0,0
erklären,0,0
erkranken,0,0
erkundigen,0,0
erlauben,0,0
Erlaubnis,0,0
erleben,0,0
Erlebnis,0,0
erledigen,0,0
erleichtern,0,0
ermächtigen,0,0
Ermäßigung,0,0
ermöglichen,0,0
ernennen,0,0
erneuern,0,0
Ernte,0,0
eröffnen,0,0
erpressen,0,0
erproben,0,0
Erreger,0,0
erschöpft,0,0
erschrecken,0,0
ersetzen,0,0
erst,0,0
erstaunt,0,0
erster,0,0
erstrecken,4,0
erteilen,0,0
Ertrag,0,0
ertragen,0,0
ertrinken,0,0
Erwachsene,0,0
erwarten,0,0
erwerben,0,0
erwünscht,0,0
erzählen,0,0
Erziehung,0,0
essen,0,0
etwa,0,0
euch,0,0
euer,0,0
eures,0,0
ewig,0,0
Fabrik,0,0
Fachmann,0,0
Faden,0,0
fähig,0,0
Fahne,0,0
fahren,0,0
Fahrer,0,0
Fahrkarte,0,0
Fahrrad,0,0
Fahrzeug,0,0
Fall,0,0
fallen,0,0
fällig,0,0
falsch,0,0
Falte,0,0
familiär,0,0
Familie,0,0
fangen,0,0
Fantasie,0,0
Farbe,0,0
färben,0,0
Fass,0,0
fassen,0,0
fast,0,0
faul,0,0
Faulheit,0,0
Februar,0,0
Fehler,0,0
fehlerhaft,0,0
Feierabend,0,0
Feiertag,0,0
feige,0,0
fein,0,0
Feind,0,0
Feld,0,0
Fels,0,0
Fenster,0,0
Ferne,0,0
Fernsehen,0,0
fernsehen,0,0
Fernseher,0,0
fernsteuern,0,0
fertig,0,0
fest,0,0
festbinden,0,0
festhalten,0,0
feststehen,0,0
fett,0,0
Feuchtigkeit,0,0
Feuer,0,0
Feuerwehr,0,0
Fieber,0,0
Figur,0,0
Film,0,0
filtern,0,0
finden,0,0
Finger,0,0
Finsternis,0,0
Firma,0,0
Fisch,0,0
flach,0,0
Fläche,0,0
Fleck,0,0
Fleisch,0,0
Fliege,0,0
fliegen,0,0
Flirt,0,0
Flöte,0,0
Fluch,0,0
fluchen,4,4
Flug,0,0
Flughafen,0,0
Flugzeug,0,0
Fluss,0,0
Flut,0,0
folgen,0,0
folglich,0,0
fordern,0,0
Förderung,0,0
forschen,0,0
Forschung,0,0
fortschreiten,0,0
Fortschritt,0,0
fragen,0,0
Frau,0,0
Fräulein,0,0
frech,0,0
frei,0,0
Freiheit,0,0
Freitag,0,0
fremd,0,0
Freude,0,0
freuen,0,0
Freund,0,0
Freundin,0,0
freundlich,0,0
Frieden,0,0
Friseur,0,0
froh,0,0
Frosch,0,0
Frost,0,0
Frucht,0,0
früh,0,0
früher,0,0
Frühjahr,0,0
Frühstück,0,0
führen,0,0
Führer,0,0
Führerschein,0,0
fünfte,0,0
fünfter,0,0
fünfzehn,0,0
fünfzig,0,0
Funke,0,0
Furcht,0,0
fürchten,0,0
Fuß,0,0
Fußball,0,0
Fußboden,0,0
Fußgänger,0,0
Gabel,0,0
gähnen,0,0
Gang,0,0
Gans,0,0
Gänse,0,0
gar,0,0
garen,0,0
Garten,0,0
Gärtner,0,0
Gärtnerin,0,0
Gas,0,0
Gast,0,0
Gastfreundschaft,0,0
Gasthaus,0,0
Gasthof,0,0
Gasthörer,0,0
Gatte,0,0
Gattin,0,0
Gebäck,0,0
geben,0,0
Gebet,0,0
Gebiet,0,0
Gebirge,0,0
Gebrauch,0,0
Gebühr,0,0
Geburt,0,0
Geburtstag,0,0
Gedächtnis,0,0
Gedanke,0,0
Geduld,0,0
geeignet,0,0
Gefahr,0,0
gefährdet,0,0
Gefallen,0,0
Gefängnis,0,0
Gefäß,0,0
Geflügel,0,0
Gefühl,0,0
gegen,0,0
Gegend,0,0
gegenseitig,0,0
Gegenstand,0,0
Gegenteil,0,0
gegenüber,0,0
Gegenwart,0,0
geglaubt,0,0
Gehalt,0,0
Gehäuse,0,0
geheim,0,0
Geheimnis,0,0
Gehirn,0,0
Gehör,0,0
gehorsam,0,0
geirrt,0,0
Geist,0,0
Gelände,0,0
gelangen,0,0
gelassen,0,0
gelb,0,0
Geld,0,0
Gelegenheit,0,0
Gelenk,0,0
Gemisch,0,0
Gemüse,0,0
gemütlich,0,0
genau,0,0
genehmigen,0,0
Generation,0,0
genießen,0,0
genug,0,0
Gerät,0,0
geräumig,0,0
gerecht,0,0
Gericht,0,0
gern,0,0
Geruch,0,0
Gerüst,0,0
Gesamt,0,0
geschehen,0,0
Geschenk,0,0
Geschichte,0,0
Geschirr,0,0
Geschlecht,0,0
Geschmack,0,0
Geschöpf,0,0
Geschwister,0,0
Gesetz,0,0
Gesetzgeber,0,0
Gesetzgebung,0,0
Gesicht,0,0
Gespenst,0,0
Gespräch,0,0
Gestalt,0,0
gestalten,0,0
gestanden,0,0
Geständnis,0,0
gestern,0,0
gesund,0,0
Getränk,0,0
Gewähr,0,0
Gewährleistung,0,0
Gewerbe,0,0
Gewinn,0,0
gewinnen,0,0
Gewissen,0,0
Gewitter,0,0
Gewohnheit,0,0
gewöhnlich,0,0
gewürzt,0,0
Gift,0,0
giftig,1,1
Glas,0,0
gläsern,0,0
glatt,0,0
Glätte,0,0
glauben,0,0
gleich,0,0
gleichen,0,0
Gleichgewicht,0,0
gleichmäßig,0,0
gleichzeitig,0,0
Gleis,0,0
gleiten,0,0
Gletscher,0,0
Glied,0,0
Glocke,0,0
Glück,0,0
glücklich,0,0
Glückwünsche,0,0
Gnade,0,0
gnädig,0,0
Gott,0,0
Gottesdienst,0,0
göttlich,0,0
Grad,0,0
Gramm,0,0
Gras,0,0
grau,0,0
grausam,0,0
greifen,0,0
Grenze,0,0
groß,0,0
Größe,0,0
Großeltern,0,0
Großmutter,0,0
grün,0,0
Grund,0,0
gründen,0,0
Gruppe,0,0
grüßen,0,0
Gummi,0,0
günstig,0,0
Gurt,0,0
Gürtel,0,0
gut,0,0
Güte,0,0
Güter,0,0
Gutschein,0,0
Haar,0,0
Haare,0,0
haben,0,0
Hafen,0,0
Haft,0,0
Haftpflicht,0,0
Hahn,0,0
Hähnchen,0,0
Hälfte,0,0
Hals,0,0
halten,0,0
Hammer,0,0
Hand,0,0
Hände,0,0
Handel,0,0
Handschuh,0,0
Handtasche,0,0
Handy,0,0
Hang,0,0
hängen,0,0
harmlos,0,0
Harn,0,0
hart,0,0
Harz,0,0
Hass,0,0
hassen,0,0
hässlich,0,0
häufig,0,0
Haupt,0,0
Hauptschule,0,0
Haus,0,0
Haushalt,0,0
Haushälterin,0,0
Hausschlüssel,0,0
heben,0,0
Heft,0,0
heftig,0,0
heilen,0,0
heilig,0,0
Heimat,0,0
heimlich,0,0
heiser,0,0
heiß,0,0
heißen,0,0
heizen,0,0
Heizung,0,0
Held,0,0
helfen,0,0
hell,0,0
Helm,0,0
Hemd,0,0
her,0,0
heraus,0,0
Herbst,0,0
herbstlich,0,0
Herkunft,0,0
herrlich,0,0
herstellen,0,0
herum,0,0
herunter,0,0
Herz,0,0
Heu,0,0
heulen,0,0
heute,0,0
heutig,0,0
Hilfe,0,0
hilflos,0,0
hilfreich,0,0
hilfsbereit,0,0
Himmel,0,0
hin,0,0
hinaus,0,0
hindern,0,0
Hindernis,0,0
hindurch,0,0
hinein,0,0
hingehen,0,0
hinten,0,0
hinter,0,0
hinterher,0,0
hinunter,0,0
Hinweis,0,0
hinweisen,0,0
hinzufügen,0,0
Hitze,0,0
hoch,0,0
Hochhaus,0,0
Hochzeit,0,0
Hof,0,0
hoffen,0,0
Hoffnung,0,0
höflich,0,0
Höflichkeit,0,0
hohl,0,0
holen,0,0
Hölle,0,0
Holz,0,0
Honig,0,0
hören,0,0
Horizont,0,0
Horn,0,0
Hose,0,0
Hotel,0,0
hübsch,0,0
Hubschrauber,0,0
Huefte,0,0
Hügel,0,0
Humor,0,0
Hund,0,0
hundert,0,0
Hundewetter,0,0
Hunger,0,0
hungrig,0,0
Husten,0,0
Hütte,0,0
ich,0,0
Idee,0,0
Idiot,0,0
ihm,0,0
ihn,0,0
ihnen,0,0
ihr,0,0
ihres,0,0
immer,0,0
impfen,0,0
in,0,0
Industrie,0,0
Information,0,0
Ingenieur,0,0
Inhalt,0,0
inner,0,0
Insel,0,0
installieren,0,0
intelligent,0,0
Intelligenz,0,0
interessant,0,0
interessieren,0,0
international,0,0
Internet,0,0
irgend,0,0
irgendein,0,0
irgendwann,0,0
irgendwer,0,0
irgendwo,0,0
irren,0,0
ja,0,0
Jacke,0,0
Jäger,0,0
Jahr,0,0
jährlich,0,0
jähzornig,0,0
jammern,0,0
Januar,0,0
je,0,0
jede,0,0
jeder,0,0
jedes,0,0
jemand,0,0
jetzt,0,0
Jucken,0,0
jucken,0,0
jüdisch,0,0
Jugend,0,0
Jugendliche,0,0
Jugendlicher,0,0
Juli,0,0
Junge,0,0
Juwel,0,0
Juwelen,0,0
Kabel,2,0
Kabine,0,0
Kachel,0,0
Käfer,0,0
Kaffee,0,0
Käfig,0,0
Kahl,0,0
Kalb,0,0
Kalbfleisch,0,0
Kalender,0,0
Kälte,0,0
Kampf,0,0
kämpfen,0,0
Kaninchen,0,0
Kanne,0,0
Kapitel,0,0
Kapuze,0,0
Karotte,0,0
Karte,0,0
Kartoffel,0,0
Karton,0,0
Käse,0,0
Kasse,0,0
Kasten,2,0
Katalog,0,0
Katze,0,0
kaufen,2,2
Kaufhaus,0,0
kaum,0,0
Keller,0,0
Kellner,0,0
kennen,0,0
Kenntnis,0,0
Kenntnisse,0,0
Kern,0,0
Kerze,0,0
Kessel,0,0
Kette,0,0
Kilogramm,0,0
Kind,0,0
Kindergarten,0,0
Kinderwagen,0,0
Kindesalter,0,0
Kindheit,0,0
Kinn,0,0
Kino,0,0
Kiosk,0,0
Kirche,0,0
Kirsche,0,0
Kirschmarmelade,0,0
Kissen,0,0
Kiste,0,0
klagen,0,0
Klappe,0,0
klappen,0,0
klar,0,0
Klarheit,0,0
Klartext,0,0
kleben,0,0
Kleber,0,0
Klebstoff,0,0
Kleid,0,0
klein,0,0
Klempner,0,0
klettern,0,0
Klingel,1,1
klingen,0,0
Klinik,0,0
Klinke,0,0
klopfen,0,0
Kloster,0,0
klug,0,0
Knall,0,0
knapp,0,0
Knie,0,0
Kniescheibe,0,0
Knochen,0,0
Knochenbruch,0,0
Koch,2,2
kochen,0,0
Koffer,0,0
Kognak,0,0
Kohle,0,0
Kollege,0,0
Kollegin,0,0
Kollision,0,0
Kombination,0,0
kombinieren,0,0
komisch,0,0
kommen,0,0
Kompetenz,0,0
komplett,0,0
Konflikt,0,0
König,0,0
Königin,0,0
Konkurrenz,0,0
konstruieren,0,0
Kontakt,0,0
Konto,0,0
konzentrieren,0,0
Kopf,0,0
Kork,0,0
Korn,0,0
Körner,0,0
Körper,0,0
Korrektur,0,0
Korridor,0,0
kostbar,0,0
kosten,0,0
Krach,0,0
Kraft,0,0
kräftig,0,0
Kragen,2,0
Krampf,0,0
krank,0,0
Krankenhaus,0,0
Krankenkasse,0,0
Krankenversicherung,0,0
Krankenwagen,0,0
krankgeschrieben,0,0
Krankheit,0,0
Kräuter,0,0
Kredit,0,0
Kreditkarte,0,0
Kreide,0,0
Kreis,4,3
Kreuz,0,0
Kreuzung,0,0
kriechen,0,0
Kritik,0,0
Kritiker,0,0
kühl,0,0
Kühlschrank,0,0
Kultur,0,0
Kummer,0,0
Kunde,0,0
Kundin,0,0
Kunst,0,0
Künstler,0,0
Kunstwerk,0,0
Kupplung,0,0
Kurs,0,0
Kurve,0,0
Kuss,0,0
Küsse,0,0
küssen,0,0
Küste,0,0
Küstenwache,0,0
lächeln,0,0
Lachen,0,0
lächerlich,0,0
Lack,0,0
Laden,0,0
Läden,0,0
Lager,0,0
Lampe,0,0
lang,0,0
lange,0,0
Länge,0,0
langweilen,0,0
langweilig,0,0
Lärm,0,0
lassen,0,0
Laster,0,0
Lastwagen,0,0
laut,0,0
Lautsprecher,0,0
leben,0,0
Leben,0,0
lebendig,0,0
Lebensmittel,0,0
Leber,0,0
lebhaft,0,0
lecken,0,0
lecker,0,0
Leder,0,0
ledig,0,0
leer,0,0
Leere,0,0
legen,0,0
Lehre,0,0
Lehrer,0,0
Lehrerin,0,0
Leiche,0,0
leicht,0,0
Leichtigkeit,0,0
leiden,0,0
Leidenschaft,0,0
Leinwand,0,0
leise,0,0
leisten,0,0
Leistung,0,0
Leiter,0,0
lesen,0,0
Licht,0,0
lieb,0,0
Liebe,0,0
lieber,0,0
Lied,0,0
Lieferant,0,0
liefern,1,0
liegen,0,0
Lineal,0,0
Linie,0,0
links,0,0
Linse,0,0
Lippe,0,0
Liste,0,0
Liter,0,0
Lob,0,0
loben,0,0
Loch,0,0
Löffel,0,0
logisch,0,0
Lohn,0,0
lohnen,0,0
löschen,0,0
lösen,0,0
Luft,0,0
Lüge,0,0
lügen,0,0
Lust,0,0
lustig,0,0
machen,0,0
Macht,0,0
mächtig,0,0
Mädchen,0,0
Magd,0,0
Magen,0,0
mager,0,0
Magnet,0,0
mahnen,0,0
Mahnung,0,0
Mal,0,0
mal,0,0
malen,0,0
Mangel,0,0
Mann,0,0
Mantel,0,0
Mappe,0,0
Märchen,0,0
Marke,0,0
markieren,0,0
markiert,0,0
Markt,0,0
Marmelade,0,0
Marmor,0,0
marschieren,0,0
marschiert,0,0
März,0,0
Masche,0,0
Maschine,0,0
Maß,0,0
Masse,0,0
Matratze,0,0
matt,0,0
Mauer,0,0
Maus,0,0
Maut,0,0
Mechaniker,0,0
Medikament,0,0
Meer,0,0
Mehl,0,0
mehr,0,0
Mehrheit,0,0
Meister,0,0
melden,0,0
Meldung,0,0
Mensch,0,0
Menschen,0,0
Menschheit,0,0
merken,0,0
Messer,0,0
Metall,0,0
Meter,0,0
Miete,0,0
mieten,0,0
Milch,0,0
Million,0,0
Millionen,0,0
Minderheit,0,0
mitkommen,0,0
mitmachen,0,0
mitnehmen,0,0
modern,0,0
mögen,0,0
möglich,0,0
müde,0,0
nach,0,0
nachdenken,0,0
nachfragen,0,0
nachfüllen,0,0
nachholen,0,0
nachlassen,0,0
nachlässig,0,0
nachmachen,0,0
nachträglich,0,0
nachweisen,0,0
nackt,30,28
nah,0,0
nähen,0,0
naiv,0,0
nass,0,0
neben,0,0
nebenwirkung,0,0
neidisch,0,0
nein,0,0
nennen,0,0
nervös,0,0
nett,0,0
neu,0,0
neugierig,0,0
neulich,0,0
neun,0,0
nicht,0,0
nichts,0,0
nieder,0,0
niedrig,0,0
niemand,0,0
niesen,2,0
noch,0,0
Norden,0,0
nördlich,0,0
normal,0,0
Not,0,0
Notar,0,0
Notausgang,0,0
Notfall,0,0
Notarzt,0,0
notieren,0,0
nötig,0,0
Notizen,0,0
notwendig,0,0
November,0,0
nüchtern,0,0
Nudel,0,0
Null,0,0
Nummer,0,0
Nuss,0,0
nützen,0,0
nutzen,0,0
nützlich,0,0
ober,0,0
oberer,0,0
Oberfläche,0,0
Oberkörper,0,0
Oberschule,0,0
Objekt,0,0
Obst,0,0
oder,0,0
offen,0,0
Offenheit,0,0
öffnen,0,0
oft,0,0
ohne,0,0
Ohnmacht,0,0
Ohr,0,0
Oktober,2,2
Öl,0,0
Oma,0,0
Onkel,0,0
Operation,0,0
Opfer,0,0
Optik,0,0
Orange,0,0
ordentlich,0,0
Ordnung,0,0
Ordner,0,0
Ort,0,0
Osten,0,0
östlich,0,0
Ozean,0,0
paar,0,0
Paar,0,0
packen,0,0
verpacken,0,0
Paket,0,0
Palast,0,0
Papierkorb,34,34
Papier,0,0
Papiere,0,0
Paradies,0,0
Paragraph,0,0
parken,0,0
Parkplatz,0,0
Partei,0,0
Partnerin,0,0
Pass,0,0
Passagier,0,0
passieren,0,0
Patient,0,0
Pause,0,0
Pazifik,0,0
peinlich,0,0
Pelz,0,0
perfekt,0,0
Perlen,0,0
Pfarrer,0,0
Pfanne,0,0
pfänden,0,0
Pfanne,0,0
pfeifen,0,0
Pfeffer,0,0
Pfeife,1,1
Pfeil,0,0
Pferd,0,0
reiten,0,0
Pflicht,0,0
Pfingsten,0,0
Pflaume,0,0
pflanzen,0,0
Pflanze,0,0
Pflege,0,0
pflücken,0,0
Pflug,0,0
Pförtner,0,0
Phantasie,0,0
Phase,0,0
Pilz,0,0
Platte,0,0
Platz,0,0
plötzlich,0,0
Polizei,0,0
Polizistin,0,0
Politik,0,0
Politiker,0,0
Pool,0,0
Port,0,0
Porto,0,0
Portion,0,0
Porzellan,0,0
prächtig,0,0
praktisch,0,0
Prämie,0,0
Praxis,0,0
Präzision,0,0
präzise,0,0
Preise,0,0
Preis,0,0
Preissenkung,0,0
Presse,0,0
Prinzip,0,0
probieren,0,0
Problem,0,0
Probe,0,0
Produkt,0,0
produzieren,0,0
Profit,0,0
Prognose,0,0
Programm,0,0
programmieren,0,0
Projekt,0,0
Prospekt,0,0
Protest,1,1
Protokoll,0,0
protestieren,0,0
Provinz,0,0
provozieren,0,0
provisorisch,0,0
Prozent,0,0
Prozess,0,0
Prüfung,0,0
prüfen,0,0
Pudel,0,0
Puder,0,0
Pulver,0,0
Pumpe,0,0
Punkt,0,0
Puppe,0,0
putzen,0,0
Quadrat,0,0
quadratisch,0,0
quälen,0,0
Qualität,0,0
Quark,0,0
Quiz,0,0
Quelle,0,0
quer,0,0
quietschen,0,0
Quittung,0,0
Quote,0,0
Rabatt,0,0
Rachen,0,0
Rad,0,0
Radiergummi,0,0
Radio,0,0
Rahmen,0,0
Rahm,26,26
Rampe,0,0
Startrampe,0,0
Rand,0,0
Rang,0,0
rasen,0,0
Rasen,0,0
Rasierer,0,0
rasieren,0,0
Rastplatz,0,0
Raststätte,0,0
Ratte,0,0
raten,0,0
Ratschlag,0,0
Rätsel,0,0
Rate,1,1
rauchen,0,0
Rauch,0,0
Raum,0,0
reagieren,0,0
rechnen,0,0
Rechnung,0,0
Recht,0,0
gerecht,0,0
rechtfertigen,0,0
rechts,0,0
Rechtsanwalt,0,0
Rede,0,0
reden,0,0
Redaktion,0,0
Regal,0,0
Regel,0,0
Regenschirm,0,0
Regierung,0,0
Region,0,0
regnen,0,0
Regen,0,0
regen,0,0
Reh,0,0
reich,0,0
Reichtum,0,0
reif,0,0
Reifen,0,0
Reihe,0,0
Reihenfolge,0,0
Reim,0,0
Reis,0,0
Reise,0,0
Reisebüro,0,0
reisen,0,0
Reisepass,0,0
Reiseleiter,0,0
reiten,0,0
reparieren,0,0
Reparatur,0,0
Reservierung,0,0
reservieren,0,0
Respekt,0,0
Rettung,0,0
retten,0,0
Rezept,0,0
Rezeption,0,0
richten,0,0
Richter,0,0
richtig,0,0
Richtung,0,0
Rind,0,0
Rindfleisch,0,0
Ring,0,0
Rock,0,0
Rippe,0,0
Rockmusik,0,0
Rockstar,0,0
Rodung,0,0
roh,0,0
Rohr,0,0
Roller,0,0
rollen,0,0
Rollen,0,0
Romantik,0,0
romantisch,0,0
Rose,0,0
Rosen,0,0
Rost,0,0
rosten,0,0
Rothaarige,0,0
rot,0,0
Rücken,0,0
Rückfahrt,0,0
Rückflug,0,0
Rückgabe,0,0
Rückkehr,0,0
rückwärts,0,0
Ruf,0,0
rufen,0,0
ruhig,0,0
Ruhe,0,0
ruhen,0,0
Ruhepause,0,0
Ruhestand,0,0
rührend,0,0
rühren,0,0
Runde,0,0
runter,0,0
rutschen,0,0
Rutsch,0,0
Saal,0,0
Saat,0,0
Sache,0,0
Sack,0,0
Säckel,0,0
Sackgeld,0,0
Saft,0,0
sagen,0,0
säen,0,0
Sahne,0,0
Salat,0,0
salzig,0,0
Samen,0,0
Saatgut,0,0
sammeln,0,0
Samstag,0,0
Samt,0,0
Sand,0,0
sandig,0,0
sanft,0,0
Sänger,0,0
Sängerin,0,0
Sarg,0,0
Satz,0,0
Sättelung,0,0
sauer,0,0
Säure,0,0
saugen,0,0
säugen,0,0
Säule,0,0
Säugetier,0,0
Schacht,0,0
Schaden,0,0
schädlich,0,0
Schaf,0,0
Schafwolle,0,0
schaffen,0,0
Schal,0,0
Schale,0,0
Schalter,0,0
Scham,0,0
schämen,0,0
scharf,0,0
Schatten,0,0
schattig,0,0
Schauer,0,0
Schaufel,0,0
Schaufenster,0,0
Schuh,0,0
Scheck,0,0
Scheibe,1,0
scheinen,0,0
schenken,0,0
Scherbe,0,0
Schere,0,0
Scherz,0,0
scherzen,0,0
schieben,0,0
schief,0,0
schießen,0,0
Schiff,0,0
Schiffahrt,0,0
Schilf,0,0
Schimmel,0,0
schimpfen,0,0
Schinken,0,0
Brötchen,0,0
Schirm,0,0
Schlange,0,0
Schlauch,0,0
schlau,0,0
schlecht,0,0
Schleier,0,0
schleifen,0,0
Schleim,0,0
Schleinhaut,0,0
schleppen,0,0
Schlepper,0,0
Schluss,0,0
schließen,0,0
Schlimme,0,0
schlimm,0,0
Schlitten,0,0
Schloss,0,0
Schluss,1,0
Schluck,0,0
schlucken,0,0
schmal,0,0
schmecken,0,0
Schmerz,0,0
schmerzen,0,0
schmieren,0,0
Schmuck,0,0
Schmuckstück,0,0
Schmuggler,0,0
schmuggeln,0,0
schmutzig,0,0
Schnabel,0,0
schnarchen,0,0
schneiden,0,0
Schnee,0,0
schneien,0,0
schnell,0,0
Schnitzel,0,0
schnitzen,0,0
Schnupfen,0,0
schnupfen,0,0
schockieren,0,0
Schock,0,0
Schokolade,0,0
Schornstein,0,0
Schrank,0,0
Schraube,0,0
Schraubenschlüssel,0,0
schrecklich,0,0
schreiben,0,0
Schreiber,0,0
Schrei,0,0
Schriftlich,0,0
Schrift,0,0
Schritt,0,0
schrittweise,0,0
Schublade,0,0
Schrott,0,0
schüchtern,0,0
Schuh,0,0
Schuhsenkel,0,0
Schuld,0,0
Schulden,0,0
schuld,0,0
Schule,0,0
Schulbus,0,0
Schüler,0,0
Schülerin,0,0
Schultag,0,0
Schuppen,0,0
Schuss,0,0
Schürze,0,0
Schüssel,0,0
Schutz,0,0
schütten,0,0
schütteln,0,0
Schwager,0,0
Schwägerin,0,0
Schwamm,0,0
schwarz,0,0
schweben,0,0
schweigen,0,0
Schweiß,0,0
Schweißnähte,0,0
Schweinefleisch,0,0
Schwelle,0,0
schwer,0,0
Schwert,0,0
Schwiegervater,0,0
Schwiegermutter,0,0
Schwierigkeit,0,0
Schwimmen,0,0
Schwimmbad,0,0
Schwindel,0,0
schwitzen,0,0
schwül,0,0
sechs,0,0
sechste,0,0
sechzig,0,0
sechzehn,1,1
See,0,0
Seele,0,0
Segel,31,27
segeln,0,0
Sehnsucht,0,0
sehr,0,0
Seife,0,0
Seil,0,0
sein,0,0
seit,0,0
seitdem,0,0
Seite,0,0
Sekretärin,0,0
Sekretär,0,0
selbe,0,0
selbst,0,0
selbstverständlich,0,0
selten,0,0
seltsam,0,0
Semen,0,0
senden,0,0
Senf,0,0
Serie,0,0
September,0,0
Service,0,0
Sessel,0,0
Set,0,0
setzen,0,0
sich,0,0
Sicht,0,0
Sicherung,0,0
Sicherheitsgurt,0,0
sichtbar,0,0
Sieb,0,0
sieben,0,0
siebte,0,0
siebzig,0,0
Sieg,0,0
siegen,0,0
Signal,0,0
Silber,0,0
Silbe,0,0
Silvester,0,0
singen,0,0
sinken,0,0
Sinn,0,0
Sitte,0,0
sitzen,0,0
Sitz,0,0
Skifahren,0,0
Skizze,0,0
Skandal,0,0
so,0,0
sofort,0,0
Socke,0,0
Sofa,0,0
Sohn,0,0
Soldat,0,0
sollen,0,0
Sommer,0,0
Sonne,0,0
Sonnenaufgang,0,0
Sonnenuntergang,0,0
Sonntag,0,0
Sorte,0,0
sonst,0,0
sorgen,0,0
sorgfältig,0,0
sowie,0,0
sowieso,0,0
soziale,0,0
Spaß,0,0
spazieren,0,0
Speichel,0,0
Spende,0,0
spenden,0,0
Spender,0,0
Spiegel,0,0
Spiegelei,0,0
spielen,0,0
Spieler,0,0
Spielplatz,0,0
Spielzeug,0,0
Speise,0,0
Speisekarte,0,0
sperren,0,0
Spiegel,0,0
spiegeln,0,0
spielen,0,0
Spiel,2,2
Spinne,0,0
Spinat,0,0
Spirale,0,0
Spitz,0,0
Splitter,0,0
Sport,0,0
spötteln,0,0
Sprach,0,0
Sprache,0,0
sprechen,0,0
springen,0,0
Sprung,0,0
spritzen,0,0
Spritze,0,0
spülen,0,0
Spule,0,0
spüren,0,0
Staat,0,0
staatlich,0,0
Stachel,0,0
Stab,0,0
Stadt,0,0
städtisch,0,0
Stahl,0,0
Stamm,0,0
ständig,0,0
Stand,0,0
Stange,0,0
Stängel,0,0
stapeln,0,0
stark,0,0
Stärke,0,0
starr,0,0
starten,1,0
stattfinden,0,0
staunen,0,0
Staub,0,0
staubsauger,0,0
stauen,0,0
stechen,0,0
stecken,0,0
stehen,0,0
stehlen,0,0
steil,0,0
steinig,0,0
Stelle,0,0
Stern,0,0
Sternbild,0,0
Stempel,0,0
sterben,0,0
Steuer,0,0
Steuerung,0,0
Steuergerät,0,0
Steuerhinterziehung,0,0
Steuerzahler,0,0
Steuerung,0,0
Steuergerät,0,0
Steuerhinterziehung,0,0
Steuerzahler,0,0
Steuerberater,0,0
Stich,0,0
Stiefel,0,0
Stiefmutter,0,0
Stiefvater,0,0
Stiel,0,0
still,0,0
Still,0,0
stillen,0,0
Stimme,0,0
stimmen,0,0
Stimmung,0,0
stinken,0,0
Stock,0,0
Stockwerk,0,0
Stoff,0,0
stolz,0,0
stören,0,0
Störung,0,0
stoßen,0,0
Stoff,0,0
Strafe,0,0
bestraft,0,0
Strahl,0,0
Lichtstrahl,0,0
Strand,0,0
Strauch,0,0
Straße,0,0
Straßenbahn,0,0
strecken,0,0
streichen,0,0
streiten,0,0
streng,0,0
Strich,4,0
Strick,0,0
Stricknadel,0,0
Strom,0,0
Strumpf,0,0
Strömung,0,0
Stück,0,0
Stipendium,0,0
Student,0,0
studieren,0,0
studiert,0,0
Stufe,0,0
stumm,0,0
stumpf,0,0
Sturm,0,0
stützen,0,0
Süd,0,0
südlich,0,0
Summe,0,0
Sumpf,0,0
sündigen,0,0
Supermarkt,0,0
System,0,0
Szene,0,0
Tabelle,0,0
Tablette,0,0
Tal,0,0
Takt,0,0
Tank,0,0
Tanke,0,0
Tankstelle,0,0
tanken,0,0
Tante,0,0
tapfer,0,0
tappen,0,0
tatsächlich,0,0
Tat,0,0
Täter,0,0
Tatort,0,0
Tatsache,0,0
tätig,0,0
Tätigkeit,0,0
Tatto,0,0
taub,0,0
tauchen,0,0
Tausch,0,0
tauschen,0,0
Taxi,0,0
Taxifahrer,0,0
Tee,0,0
Teig,0,0
Teil,0,0
Ersatzteil,0,0
teilen,0,0
Teilnahme,0,0
teilgenommen,0,0
telefonieren,0,0
telefoniert,0,0
Teller,0,0
Teppich,0,0
Terrasse,0,0
Termin,0,0
Test,0,0
teuer,0,0
teuflisch,0,0
Theater,0,0
Thema,0,0
Thermometer,0,0
Ticket,0,0
tief,0,0
Tiefe,0,0
Tiger,0,0
Tisch,0,0
Tipp,0,0
Tochter,0,0
Tochtergesellschaft,0,0
Tod,0,0
tödlîch,0,0
Toilette,0,0
toll,0,0
Tomate,0,0
Ton,0,0
Topf,0,0
Tor,0,0
Torte,0,0
tot,0,0
Tourist,0,0
Tourismus,0,0
tragen,0,0
Träne,0,0
Transport,0,0
Traube,0,0
Traubensaft,0,0
träumen,0,0
Traum,0,0
träumen,0,0
treffen,0,0
treffen,0,0
trennen,0,0
Treppe,0,0
treu,0,0
Treue,0,0
Trick,0,0
getrunken,0,0
Trinkgeld,0,0
trocken,0,0
Träne,0,0
trotzdem,0,0
Trost,0,0
trösten,0,0
Trumpf,0,0
Tschüss,0,0
Tugend,0,0
tun,0,0
Tür,0,0
Türklinke,0,0
Tüte,0,0
Turm,0,0
typisch,0,0
U-Bahn,0,0
übel,0,0
übel werden,0,0
über,0,0
überarbeiten,0,0
überbacken,0,0
überfahren,0,0
überfliegen,0,0
überfordert,0,0
überfüllen,0,0
überhaupt,0,0
überholen,0,0
überlassen,0,0
überlegen,0,0
überlegen,0,0
überleben,0,0
überlegen,0,0
überqueren,0,0
überraschen,0,0
übersetzen,3,0
übersichtlich,0,0
überstehen,0,0
übertragen,0,0
übertreiben,0,0
übertrieben,0,0
überwachen,0,0
überweisen,0,0
überzeugt,0,0
überzeugen,0,0
üblich,0,0
üben,0,0
geübt,0,0
Übung,0,0
Ufer,0,0
Uhr,0,0
Uhrzeit,0,0
um,0,0
umarmen,0,0
umarmt,0,0
umbringen,0,0
umgebracht,0,0
umfahren,0,0
umfassen,0,0
Umfang,0,0
umgehen,0,0
umgegangen,0,0
umgeben,0,0
umgesehen,0,0
umkehren,0,0
umgekehrt,34,33
umsteigen,0,0
umgestiegen,0,0
umtauschen,0,0
umgetauscht,0,0
umziehen,0,0
umgezogen,0,0
Umzug,0,0
umwelt,0,0
Umwelt,0,0
unabhängig,0,0
Unabhängigkeit,0,0
unangenehm,0,0
unartig,0,0
unbegrenzt,0,0
unbedingt,0,0
unbekannt,0,0
unbequem,0,0
unbeschreiblich,0,0
unbewusst,0,0
unbrauchbar,0,0
undankbar,0,0
unschlüssig,0,0
undeutlich,0,0
unerreichbar,0,0
unerträglich,0,0
unfähig,0,0
unfreundlich,0,0
ungeduldig,0,0
ungeeignet,0,0
ungefähr,0,0
ungefährlich,3,2
ungeheuer,0,0
ungenau,0,0
ungenügend,0,0
ungeschickt,0,0
ungesund,0,0
unglaublich,0,0
Unglück,0,0
unglücklich,0,0
ungültig,0,0
ungünstig,0,0
Universität,0,0
unmittelbar,0,0
unmöglich,0,0
unnötig,0,0
unordentlich,0,0
unpünktlich,0,0
unschuldig,0,0
unser,0,0
unsicher,0,0
unsinnig,0,0
unter,0,0
unterbrechen,0,0
unterdrücken,0,0
unterhalb,0,0
Unterführung,0,0
unterhalten,0,0
Unternehmen,0,0
unternehmen,0,0
Unterschied,0,0
unterscheiden,0,0
unterschreiben,0,0
unterstützen,0,0
Unterstützung,0,0
untersuchen,0,0
Untersuchung,0,0
unterwegs,0,0
unverheiratet,0,0
unvorstellbar,0,0
unwahrscheinlich,0,0
unwichtig,0,0
unzufrieden,0,0
unzuverlässig,0,0
Urlaub,0,0
Ursache,0,0
Urteil,0,0
urteilen,0,0
Vase,0,0
Blumenvase,0,0
Vater,0,0
Großvater,0,0
Vene,0,0
Ventil,0,0
Verarbeitung,0,0
verachten,0,0
verändern,0,0
veranlassen,0,0
Veranstaltung,0,0
Verantwortung,0,0
verbessern,0,0
Verbot,0,0
verbrauchen,0,0
verbreiten,0,0
verbringen,0,0
Verdacht,0,0
verderben,0,0
verdienen,0,0
verdunsten,0,0
Verein,0,0
vereinbaren,0,0
verfallen,0,0
verfluchen,0,0
verführen,0,0
vergeben,0,0
vergehen,0,0
vergleichen,0,0
vergnügen,0,0
Vergnügen,0,0
verhaften,0,0
verhalten,0,0
Verhalten,0,0
verhandeln,0,0
verheiratet,0,0
verhindern,0,0
verhungern,0,0
verkaufen,0,0
Verkäufer,0,0
Verkehr,0,0
verklagen,0,0
Verlag,0,0
verlangen,0,0
verlängern,0,0
verlassen,0,0
verlässlich,0,0
verlaufen,0,0
verletzt,0,0
verleihen,0,0
verlieren,0,0
Verlust,0,0
vermeiden,0,0
vermieden,0,0
vermieten,0,0
vermietet,0,0
Vermögen,0,0
Vermittler,0,0
vermutlich,0,0
vernachlässigen,0,0
vernünftig,0,0
verordnen,0,0
verpasst,0,0
verpflichten,0,0
verraten,0,0
verrechnen,0,0
verreisen,0,0
verrückt,0,0
versagen,0,0
versammeln,0,0
versäumen,0,0
verschieben,0,0
verschieden,0,0
verschlechtern,0,0
verschlucken,0,0
verschreiben,0,0
verschwenden,0,0
verschwinden,0,0
versenden,0,0
Versand,0,0
Versicherung,0,0
Verspätung,0,0
verspäten,0,0
versprechen,0,0
Verstand,0,0
verständigen,0,0
verstärken,0,0
verstecken,0,0
verstehen,0,0
Versteher,0,0
verstoßen,0,0
versuchen,0,0
Versuch,0,0
vertreten,0,0
Vertrag,0,0
vertrauen,0,0
Vertreter,0,0
verursachen,0,0
verwalten,0,0
Verwaltung,0,0
verwandeln,0,0
verwechseln,0,0
verwehen,0,0
verweigern,0,0
verwirklichen,0,0
verwitwet,0,0
verwöhnen,1,1
verzichten,0,0
verzeihen,0,0
verzichten,0,0
verzögern,0,0
verzweifeln,0,0
viele,0,0
viertel,0,0
Volk,0,0
Vogel,0,0
voll,0,0
vollständig,0,0
Vollmond,0,0
von,0,0
vor,0,0
vorbei,0,0
vorbereiten,0,0
Vorbereitung,0,0
Vorfahrt,0,0
Vorgänger,0,0
Vorgesetzte,0,0
vorhaben,0,0
Vorhang,0,0
Vorhersage,0,0
vorläufig,0,0
Vormittag,0,0
vormittags,0,0
Vorrat,0,0
Vorsicht,0,0
vorsichtig,0,0
Vorschlag,0,0
vorschlagen,0,0
Vorspeise,0,0
Vorstellung,0,0
vorstellen,0,0
Vortrag,0,0
vorwärts,0,0
Vorwort,0,0
vorziehen,0,0
vorzüglich,0,0
Waage,0,0
wach,1,0
wachsen,0,0
Waffe,0,0
wagen,0,0
Wahl,0,0
wählen,0,0
wahnsinnig,0,0
wahr,0,0
während,0,0
wahrnehmen,0,0
Wahrnehmung,0,0
wahrscheinlich,0,0
Wald,0,0
Währung,0,0
Wand,0,0
Wandel,0,0
wandern,0,0
wann,0,0
Ware,0,0
Warenhaus,0,0
warm,0,0
warnen,0,0
warten,0,0
warum,0,0
was,0,0
Wäsche,0,0
waschen,0,0
Wasser,0,0
Wasserhahn,0,0
Watte,0,0
Wechsel,0,0
Wecker,0,0
weg,0,0
wegen,0,0
wegfahren,0,0
weggehen,0,0
weglaufen,30,29
weh,0,0
wehtun,0,0
weinen,0,0
wehtun,0,0
wehren,0,0
weigern,0,0
Weihnachten,0,0
weil,0,0
Wein,0,0
weiß,0,0
weiße,0,0
weißen,0,0
weiter,0,0
weiterfahren,0,0
weitermachen,0,0
Welle,0,0
wenden,0,0
wenig,0,0
wenigstens,0,0
wenn,0,0
werden,0,0
wer,0,0
Werbung,0,0
werfen,2,1
Werkstatt,0,0
werktags,0,0
Werkzeug,0,0
Wert,0,0
wertvoll,0,0
wesentlich,0,0
Wesen,0,0
Wetter,0,0
Wettkampf,0,0
wetten,0,0
Wettbewerb,0,0
wichtig,0,0
Widerstand,0,0
widersprechen,0,0
widerlich,0,0
wie,0,0
wieder,0,0
wiederholen,0,0
Wiese,0,0
wild,0,0
wildern,0,0
willkommen,0,0
willkürlich,0,0
Wimper,0,0
Wind,0,0
Windel,0,0
Winzer,0,0
Wirt,0,0
wir,0,0
wirklich,0,0
Wirbelsäule,0,0
wirken,0,0
Wirklichkeit,0,0
Wirkung,0,0
Wirtschaft,0,0
Abschluss,0,0
Witwe,0,0
Witz,0,0
Wochenende,2,1
Woche,0,0
wöchentlich,0,0
Wodka,0,0
Wohngemeinschaft,0,0
Wohnung,0,0
Wohnheim,0,0
wohnen,0,0
Wolke,0,0
wollen,0,0
Wort,0,0
Wörterbuch,0,0
Wunde,0,0
wo,0,0
woher,0,0
wohin,0,0
Wohnung,0,0
Wohnheim,0,0
wohnen,0,0
Wolke,0,0
wollen,0,0
Wunsch,0,0
wünschen,0,0
Wurst,0,0
wütend,0,0
Wut,0,0
zäh,0,0
Zahl,0,0
zahlen,0,0
zählen,0,0
zahlreich,0,0
Zahn,0,0
Zahnschmerzen,0,0
Zahnbürste,0,0
Zange,0,0
zärtlich,0,0
Zauber,0,0
zaubern,0,0
Zaun,0,0
Zecke,0,0
Zeh,0,0
zehn,0,0
Zehnter,0,0
Zeichen,0,0
zeichnen,0,0
zeigen,0,0
Zeile,0,0
Zelle,0,0
Zeit,0,0
zeitig,0,0
Zeitschrift,0,0
Zelt,0,0
Zentrum,0,0
zentral,0,0
zerbrechen,0,0
zerdrücken,0,0
zerreißen,0,0
Zerstörung,0,0
Zettel,0,0
Zeug,0,0
Ziegel,0,0
Ziege,0,0
Ziegenkäse,0,0
ziehen,0,0
Ziel,0,0
ziemlich,0,0
Ziffer,0,0
Zifferblatt,0,0
Zigarette,0,0
Zigarre,0,0
Zimmer,0,0
Zimmerdecke,0,0
Zimmermädchen,0,0
Zins,0,0
Zitrone,0,0
zittern,0,0
zögern,0,0
Zoll,0,0
verzollen,0,0
Zorn,0,0
zornig,0,0
zu,0,0
Zubehör,0,0
zubereiten,0,0
Zucker,0,0
zuerst,0,0
Zufall,0,0
zufällig,0,0
Zugang,0,0
Zug,0,0
Zugeständnis,0,0
Zukunft,0,0
zukünftig,0,0
zulassen,0,0
zuletzt,0,0
zunehmen,0,0
Zunge,0,0
zurechtfinden,0,0
zurück,0,0
zurückkommen,0,0
zurückkehren,0,0
zusammen,0,0
zusammensetzen,0,0
zusammenbrechen,0,0
Zusammenhang,0,0
zusätzlich,0,0
Zusatz,0,0
Zustand,0,0
zustimmen,0,0
zuverlässig,0,0
Zuverlässigkeit,0,0
zwanzig,0,0
zwei,0,0
Zweifel,0,0
zweifeln,0,0
Zweig,0,0
zweifach,0,0
Zwilling,0,0
zwingen,0,0
zwischen,0,0
zwischenzeitlich,0,0
zwölf,0,0
svoltare,0,0
illustrazione,0,0
staccare rompendo,0,0
sera,0,0
di sera,0,0
avventura,0,0
ma,0,0
partire,0,0
partenza,0,0
rifiuti,0,0
partire con l’aereo,0,0
scarico,0,0
consegnare,0,0
pendio,0,0
andare a prendere,0,0
accorciare,5,0
sedimento,0,0
scadere,0,0
rifiutare,0,0
distrarre,0,0
consegnare,0,0
fissare un appuntamento,0,0
smontare,0,0
diminuire,0,0
confezionare,0,0
fare I conti,0,0
partire in viaggio,0,0
disdire,0,0
disdetta,0,0
spegnere,0,0
spedire,0,0
chiudere a chiave,0,0
conclusione,0,0
spedire,0,0
intenzione,0,0
distanza,0,0
deporre,0,0
discesa,0,0
votare,0,0
precipitare,0,0
reparto,0,0
lavare I piatti,0,0
cambiamento,0,0
deviare di,0,0
assente,0,0
asse,0,0
stimare,0,0
indirizzo,0,0
scimmia,0,0
simile,0,0
idea,0,0
atto,0,0
azione(finanza),0,0
attivo,0,0
alcol,0,0
tutti,0,0
solo,0,0
tuttavia,0,0
generale,0,0
graduale,0,0
come,0,0
vecchio,0,0
vecchiaia,0,0
semaforo,0,0
ufficio pubblico,0,0
formica,0,0
antichità,0,0
allegato,0,0
offrire,0,0
l’altro,0,0
diversamente,0,0
cambiare,0,0
inizio,0,0
attacco,0,0
cominciare,0,0
toccare con le mani,0,0
esigenza,0,0
indicazione,0,0
indicare,0,0
preteso,0,0
offerta,0,0
opportuno,0,0
faccenda,0,0
pescare,0,0
piacevole,0,0
impiegato,0,0
attaccare,0,0
paura,0,0
fermare,0,0
sollevare,0,0
accusare,0,0
cliccare su,0,0
bussare,0,0
arrivare,0,0
annunciare,0,0
impianto,0,0
desiderio,0,0
accendere,0,0
iscrizione,0,0
accettazione,0,0
accettare,0,0
adattare,0,0
chiamare per telefono,0,0
annuncio,0,0
collegare,0,0
parere,0,0
esigente,0,0
decente,0,0
al posto di,0,0
contagiare,0,0
sforzarsi,0,0
percentuale,0,0
domanda,0,0
rispondere,0,0
avvocato,0,0
adoperare,0,0
presente,0,0
numero,0,0
inserzione,0,0
vestirsi,0,0
mela,0,0
apparecchio,0,0
appetito,0,0
aprile,0,0
lavoro,0,0
lavorare,0,0
orario di lavoro,0,0
posto di lavoro,0,0
luogo di lavoro,0,0
rabbia,0,0
arrabbiarsi,0,0
povertà,0,0
braccio,0,0
manica,0,0
maniera,0,0
dottore,0,0
ramo,0,0
cenere,0,0
respirare,0,0
fiato,0,0
anche,0,0
conservare,0,0
invadente,0,0
soggiorno,0,0
risaltare,0,0
esortare,0,0
compito,0,0
rinunciare,1,0
trattenere,0,0
appendere,0,0
raccogliere da terra,0,0
smettere,0,0
caricare,0,0
liquidare,0,0
aprire,0,0
attento,0,0
registrare,0,0
far attenzione,0,0
arrabbiarsi,0,0
aprire a chiave,0,0
annotare,0,0
consiglio di vigilanza,0,0
vigilanza,0,0
alzarsi,0,0
collocare,0,0
ordine,0,0
svegliarsi,0,0
svegliare,0,0
enumerare,0,0
registrare,0,0
ascensore,0,0
occhio,0,0
agosto,0,0
ampliare,0,0
istruzione,0,0
stendere,0,0
perseveranza,0,0
allargare,0,0
estendersi,0,0
immaginarsi,0,0
esprimersi,0,0
discosto reciprocamente,0,0
uscita autostradale,0,0
cadere,0,0
escursione,0,0
esportazione,0,0
dettagliato,0,0
riempire,0,0
uscita,0,0
spendere,0,0
andare fuori,0,0
escluso,0,0
eccellente,0,0
compensare,0,0
sopportare,0,0
supplire,0,0
conoscere,0,0
informazione,0,0
estero,0,0
straniero,0,0
omettere,0,0
far scattare,0,0
spegnere,0,0
eccezione,0,0
sfruttare,0,0
disfare,0,0
provare,0,0
scappamento,0,0
calcolare,0,0
riposarsi,0,0
scivolare,0,0
dichiarazione,0,0
spegnere,0,0
escludere,0,0
ritagliare,0,0
sembrare,0,0
all’infuori,0,0
inoltre,0,0
esprimersi su,0,0
veduta,0,0
esprimere,0,0
pronunciarsi a favore di,0,0
allestimento,0,0
scendere,0,0
esposizione,8,0
distendere,0,0
sostituire,0,0
svendita,0,0
scelta,0,0
scegliere,0,0
evitare un ostacolo,0,0
documento d’identità,0,0
implicazione,0,0
spogliarsi,0,0
macchina,0,0
bebè,0,0
neonato,0,0
guancia,0,0
ruscello,0,0
cuocere nel forno,0,0
panetteria,0,0
bagno,0,0
fare il bagno,43,40
ferrovia,0,0
stazione,0,0
presto,0,0
balcone,0,0
palla,0,0
nastro,0,0
banca,0,0
in contanti,0,0
misericordioso,0,0
barba,0,0
batteria,0,0
costruire,0,0
pancia,0,0
agricoltore,0,0
albero,0,0
considerare,0,0
funzionario,0,0
pretendere,0,0
criticare,0,0
chiedere un permesso,0,0
sorvegliare,0,0
incaricare,0,0
ringraziare,0,0
dispiacersi per,0,0
significare,0,0
servire,0,0
servizio,0,0
condizione,0,0
minacciare,0,0
affrettarsi,0,0
impressionare,0,0
influenzare,0,0
terminare,0,0
bacca,0,0
trovarsi,0,0
comandare,0,0
montare,0,0
trovarsi,0,0
trasportare,0,0
liberare,2,0
accontentare,0,0
temere che,0,0
talento,0,0
incontrare,0,0
entusiasmo,0,0
cominciare,0,0
autenticare,0,0
accompagnare,0,0
comprendere,0,0
limitare,0,0
salutare,0,0
esaminare,0,0
tenere,0,0
trattare,0,0
affermare,0,0
dominare,0,0
ostacolare,0,0
autorità,0,0
entrambi,0,0
allegato,0,0
gamba,0,0
esempio,0,0
mordere,0,0
contribuire a,0,0
conosciuto,0,0
lamentarsi di,0,0
ricevere,0,0
caricare,0,0
molestare,0,0
quietanza,0,0
offendere,0,0
illuminare,0,0
amato,0,0
grafificare,0,0
notare,0,0
impegnarsi per,0,0
avvisare,0,0
comportarsi,0,0
invidiare,0,0
avere bisogno,0,0
usare,0,0
benzina,0,0
osservare,0,0
comodo,0,0
consigliare,0,0
computare,0,0
autorizzazione,0,0
settore,0,0
pronto,0,0
pentirsi,0,0
montagna,0,0
rapporto,0,0
considerare,0,0
professione,0,0
calmare,0,0
famoso,0,0
danneggiare,0,0
procurare,0,0
impiegare,0,0
occuparsi,0,0
modesto,0,0
accelerare,0,0
decidere,0,0
limitare,0,0
descrivere,0,0
accusare,0,0
proteggere,0,0
lamentarsi,0,0
scopa,0,0
occupato,0,0
possesso,0,0
speciale,0,0
procurare,0,0
procurarsi,0,0
preoccupazione,0,0
discutere,0,0
meglio,0,0
scorta,3,2
confermare,0,0
ordinare,0,0
partecipare,0,0
enfatizzare,0,0
considerevole,0,0
importo,0,0
riguardare,0,0
entrare,0,0
azienda,0,0
ingannare,0,0
ubriaco,0,0
letto,0,0
inquietare,0,0
giudicare,0,0
popolazione,0,0
prima,0,0
sorvegliare,1,0
muovere,0,0
provare,0,0
candidarsi,0,0
candidatura,0,0
autorizzare,0,0
autorizzazione,0,0
causare,0,0
ammirare,0,0
consapevole,0,0
pagare,0,0
designare,0,0
riferirsi,0,0
piegare,0,0
birra,0,0
immagine,0,0
formare,0,0
istruzione,0,0
finora,0,0
per favore,0,0
pregare,0,0
amaro,0,0
soffiare,0,0
foglia,0,0
blu,0,0
lamiera,0,0
piombo,0,0
restare,0,0
sguardo,0,0
cieco,0,0
lampo,0,0
biondo,0,0
fiore,0,0
camicetta,0,0
sangue,0,0
suolo,2,0
risorse,0,0
forare,0,0
barca,0,0
cattivo,0,0
settore,0,0
friggere,0,0
avere bisogno,0,0
marrone,0,0
bravo,0,0
rompere,0,0
largo,0,0
frenare,0,0
bruciare,0,0
asse,0,0
francobollo,0,0
occhiali,0,0
portare,0,0
pane,0,0
panino,0,0
ponte,0,0
fratello,0,0
pozzo,0,0
petto,0,0
libro,0,0
prenotare,0,0
faggio,0,0
presa,0,0
lettera,0,0
compitare,0,0
libretto,0,0
stirare,0,0
palcoscenico,0,0
federazione,0,0
castello,28,26
cittadino,0,0
sindaco,0,0
ufficio,0,0
spazzola,0,0
autobus,0,0
cespuglio,0,0
multa,0,0
burro,0,0
occasione,0,0
carattere,0,0
capo,0,0
capo,0,0
chimica,0,0
chirurgo,0,0
chirurgia,0,0
computer,0,0
cugino,0,0
tetto,0,0
bassotto,0,0
quindi,0,0
per questo,0,0
contro,0,0
lì,0,0
dietro,0,0
allora,0,0
signora,0,0
vapore,0,0
ringraziare,0,0
riconoscente,0,0
poi,0,0
su,0,0
dopodiché,0,0
per questo,0,0
intestino,0,0
motivo,0,0
data,0,0
durare,0,0
durata,0,0
da,0,0
davanti,0,0
In mezzo,0,0
coperta,0,0
coperchio,0,0
pensare,0,0
poiché,0,0
perciò,0,0
quindi,0,0
tanto,0,0
chiaro,0,0
tedesco,0,0
poeta,0,0
poesia,0,0
grosso,0,0
ladro,0,0
furto,0,0
servizio,0,0
prestazione,0,0
viaggio,0,0
questo,0,0
questo,0,0
questo,0,0
cosa,0,0
coso,0,0
direttore,0,0
direttrice,0,0
discutere,0,0
però,0,0
dottore,0,0
documento,0,0
tuono,0,0
temporale,0,0
giovedì,0,0
doppio,0,0
villaggio,0,0
spina,0,0
spinoso,0,0
lattina,0,0
citofono,0,0
filo,0,0
sporco,0,0
sporcizia,0,0
girare,0,0
giro,0,0
dentro,0,0
minacciare,0,0
minaccia,0,0
stampa,0,0
stampare,0,0
stampante,0,0
tipografia,0,0
di là,0,0
premere,0,0
sotto,0,0
sopra,0,0
stupido,0,0
scuro,0,0
oscurità,0,0
equilibrio,0,0
binario,0,0
membro,0,0
tomba,0,0
erba,0,0
capello,0,0
asciugamano,0,0
cellulare,0,0
resina,0,0
casa,0,0
ciabatta,0,0
quaderno,0,0
camicia,0,0
fieno,0,0
colpo,0,0
legno,0,0
corno,0,0
hotel,0,0
internet,0,0
vitello,0,0
bambino,0,0
mento,0,0
cinema,0,0
ginocchio,0,0
compassione,0,0
mezzo,0,0
palude,0,0
museo,0,0
motivo,0,0
sete,0,0
grado,0,0
fondamento,0,0
gomma,0,0
cintura,0,0
buono,0,0
collo,0,0
martello,0,0
commercio,0,0
pendio,0,0
urina,0,0
odio,3,2
economia domestica,0,0
leva,0,0
poppa,0,0
autunno,0,0
indicazione,0,0
corte,0,0
orizzonte,0,0
elicottero,0,0
collina,0,0
cane,0,0
fame,0,0
tosse,0,0
ingegnere,0,0
contenuto,0,0
cavo,0,0
caffè,0,0
gabbia,0,0
calendario,0,0
pettine,0,0
lotta,0,0
canale,0,0
tanica,0,0
capitano,0,0
formaggio,0,0
scatola,0,0
acquirente,0,0
asilo,0,0
chiosco,0,0
scoppio,0,0
piega,0,0
osso,0,0
bottone,0,0
cuoco,0,0
valigia,0,0
collasso,0,0
collega,0,0
mezzogiorno,0,0
mercoledì,0,0
momento,0,0
mese,0,0
luna,0,0
lunedì,0,0
omicidio,0,0
mattino,0,0
spazzatura,0,0
bocca,0,0
musicista,0,0
muscolo,0,0
ombelico,0,0
vicino,0,0
pomeriggio,0,0
nuca,0,0
unghia,0,0
nome,0,0
nipote,0,0
campana,0,0
grazia,0,0
confine,0,0
gruppo,0,0
fermata,0,0
mano,0,0
borsetta,0,0
scuola secondaria,0,0
casalinga,0,0
pelle,0,0
patria,0,0
riscaldamento,0,0
origine,0,0
cavalletta,0,0
aiuto,0,0
calore,0,0
matrimonio,0,0
cortesia,0,0
inferno,1,1
pantaloni,0,0
capanna,0,0
idea,0,0
industria,0,0
informazione,0,0
isola,0,0
cabina,0,0
freddo,0,0
fotocamera,0,0
brocca,0,0
bordo,0,0
carota,0,0
carta,0,0
patata,0,0
cassa,0,0
cauzione,0,0
collana,0,0
mandibola,0,0
chiesa,0,0
ciliegia,0,0
cassetta,0,0
campanello,0,0
clinica,0,0
maniglia,0,0
carbone,0,0
combinazione,0,0
centro,0,0
comunicazione,0,0
mezzanotte,0,0
zanzara,0,0
stanchezza,0,0
sforzo,0,0
foce,0,0
moneta,0,0
conchiglia,0,0
madre,0,0
berretto,0,0
notizia,0,0
vicinanza,0,0
naso,0,0
novità,0,0
sconfitta,0,0
rene,0,0
magro,0,0
attraverso,0,0
confuso,0,0
bocciare,0,0
realizzabile,0,0
diametro,0,0
transito,0,0
annuncio,0,0
media,0,0
perquisire,0,0
potere,0,0
secco,0,0
siccità,0,0
sete,0,0
doccia,0,0
farsi la doccia,0,0
dozzina,0,0
appena,0,0
pianura,0,0
anche,0,0
autentico,0,0
effetto,0,0
efficace,0,0
indifferente,0,0
matrimonio,0,0
moglie,0,0
marito,0,0
onore,0,0
onesto,0,0
tarlare,0,0
giuramento,0,0
geloso,0,0
proprio,0,0
strano,0,0
caratteristica,0,0
in realtà,0,0
essere adatto,0,0
affrettarsi,0,0
secchio,0,0
installare,0,0
svoltare,0,0
immaginarsi,0,0
intuizione,0,0
scassinare,0,0
scassinatore,0,0
effrazione,0,0
idea,0,0
venire in mente,0,0
instillare,0,0
introdurre,29,28
introduzione,0,0
ingresso,0,0
porta d’ingresso,0,0
inserire,0,0
ammissione,0,0
intervenire,0,0
rispettare,0,0
unito,0,0
accordarsi,0,0
acquisto,0,0
fare la spesa,0,0
reddito,0,0
invitare,0,0
assumere,0,0
impacchettare,0,0
concedere,0,0
solo,0,0
accendere,0,0
tempo di accensione,0,0
addormentarsi,0,0
includere,2,0
rinchiudere,0,0
fondere,0,0
inviare,0,0
essere detenuto,0,0
classificare,0,0
suddividere,0,0
registrare,0,0
arrivare,0,0
entrare,0,0
ingresso,0,0
biglietto d’ingresso,0,0
consenso,0,0
obiezione,0,0
perfetto,0,0
acconsentire,0,0
abitante,0,0
versare,0,0
dettaglio,0,0
singolo,0,0
unico,0,0
trasloco,0,0
ghiaccio,0,0
ferro,0,0
ferrovia,0,0
frigorifero,0,0
cubetto di ghiaccio,0,0
elettrico,0,0
elettricità,0,0
elemento,0,0
miseria,0,0
rigore,0,0
ricevere,0,0
ricevente,0,0
raccomandare,0,0
percepire,0,0
sensibile,0,0
sensazione,0,0
indignarsi,0,0
fine,0,0
finalmente,0,0
stretto,0,0
angelo,0,0
nipote,0,0
enorme,0,0
insieme,0,0
fare a meno,0,0
scoprire,0,0
fuggire,0,0
rapimento,0,0
accettare,0,0
compenso,0,0
contenere,0,0
scaricare,31,29
licenziare,0,0
fuggire,0,0
prelevare,0,0
decidere,0,0
decisione,0,0
decidersi,0,0
scusarsi,0,0
scusa,0,0
terribile,0,0
rilassarsi,0,0
corrispondere,0,0
nascere,0,0
deludere,0,0
o,0,0
sviluppare,0,0
progetto,0,0
infiammazione,0,0
eredità,0,0
erede,0,0
vomitare,0,0
fragola,0,0
piano terra,0,0
terra,0,0
accadere,0,0
esperienza,0,0
inventare,0,0
successo,0,0
congelato,0,0
soddisfare,0,0
aggiungere,0,0
risultato,0,0
ricevere,0,0
alzare,0,0
riconoscere,0,0
spiegare,0,0
ammalarsi,0,0
informarsi,0,0
permettere,0,0
permesso,0,0
vivere,0,0
esperienza,0,0
sbrigare,0,0
alleviare,0,0
autorizzare,0,0
sconto,0,0
rendere possibile,0,0
nominare,0,0
rinnovare,0,0
raccolto,0,0
aprire,0,0
ricattare,0,0
sperimentare,0,0
agente patogeno,0,0
esausto,0,0
spaventarsi,0,0
sostituire,0,0
solo,0,0
sorpreso,0,0
primo,3,0
estendersi,0,0
concedere,0,0
rendimento,0,0
sopportare,0,0
annegare,0,0
adulto,0,0
aspettare,0,0
acquisire,0,0
desiderato,0,0
raccontare,0,0
educazione,0,0
mangiare,0,0
circa,0,0
voi,0,0
vostro,0,0
del vostro,0,0
eterno,0,0
fabbrica,0,0
esperto,0,0
filo,0,0
capace,0,0
bandiera,0,0
guidare,0,0
autista,0,0
biglietto,0,0
bicicletta,0,0
veicolo,0,0
caduta,0,0
cadere,0,0
esigibile,0,0
sbagliato,0,0
piegatura,0,0
familiare,0,0
famiglia,0,0
prendere,0,0
fantasia,0,0
colore,0,0
colorare,0,0
botte,0,0
afferrare,0,0
quasi,0,0
pigro,0,0
pigrizia,0,0
febbraio,0,0
errore,0,0
difettoso,0,0
fine del lavoro,0,0
giorno festivo,0,0
vigliacco,0,0
fine,0,0
nemico,0,0
campo,0,0
roccia,0,0
finestra,0,0
distanza,0,0
televisione,0,0
guardare la TV,0,0
televisore,0,0
telecomandare,0,0
pronto,0,0
fisso,0,0
legare,0,0
trattenere,0,0
essere certo,0,0
grasso,0,0
umidità,0,0
fuoco,0,0
vigili del fuoco,0,0
febbre,0,0
figura,0,0
film,0,0
filtrare,0,0
trovare,0,0
dito,0,0
oscurità,0,0
azienda,0,0
pesce,0,0
piatto,0,0
superficie,0,0
macchia,0,0
carne,0,0
mosca,0,0
volare,0,0
flirt,0,0
flauto,0,0
maledizione,0,0
bestemmiare,0,0
volo,0,0
aeroporto,0,0
aeroplano,0,0
fiume,0,0
inondazione,0,0
seguire,0,0
quindi,0,0
richiedere,0,0
promozione,0,0
fare ricerca,0,0
ricerca,0,0
progredire,5,3
progresso,0,0
chiedere,0,0
donna,0,0
signorina,0,0
sfacciato,0,0
libero,0,0
libertà,0,0
venerdì,0,0
straniero,0,0
gioia,0,0
rallegrarsi,0,0
amico,0,0
amica,0,0
gentile,0,0
pace,0,0
parrucchiere,0,0
contento,0,0
rana,0,0
gelo,0,0
frutto,0,0
presto,0,0
prima,0,0
primavera,0,0
colazione,0,0
condurre,0,0
guida,0,0
patente,0,0
quinta,0,0
quinto,0,0
quindici,0,0
cinquanta,0,0
scintilla,0,0
paura,0,0
temere,0,0
piede,0,0
calcio,0,0
pavimento,0,0
pedone,0,0
forchetta,0,0
sbadigliare,0,0
corridoio,0,0
oca,0,0
oche,0,0
affatto,0,0
cuocere,0,0
giardino,0,0
giardiniere,0,0
giardiniera,0,0
gas,0,0
ospite,0,0
ospitalità,0,0
locanda,0,0
albergo,0,0
uditore ospite,0,0
marito,0,0
moglie,0,0
pasticcino,0,0
dare,0,0
preghiera,0,0
regione,0,0
catena montuosa,0,0
uso,0,0
tassa,0,0
nascita,0,0
compleanno,0,0
memoria,0,0
pensiero,0,0
pazienza,0,0
adatto,0,0
pericolo,0,0
in pericolo,0,0
favore,0,0
prigione,0,0
vaso,0,0
pollame,0,0
sentimento,0,0
contro,0,0
zona,0,0
reciprocamente,0,0
oggetto,0,0
contrario,0,0
di fronte,0,0
presente,0,0
creduto,0,0
stipendio,0,0
involucro,0,0
segreto,0,0
segreto,0,0
cervello,0,0
udito,0,0
ubbidiente,0,0
sbagliato,0,0
spirito,0,0
area,0,0
arrivare,0,0
tranquillo,0,0
giallo,0,0
denaro,0,0
occasione,0,0
articolazione,0,0
miscela,0,0
verdura,0,0
accogliente,0,0
esatto,0,0
autorizzare,0,0
generazione,0,0
godere,0,0
abbastanza,0,0
dispositivo,0,0
spazioso,0,0
giusto,0,0
tribunale,0,0
volentieri,0,0
odore,0,0
impalcatura,0,0
totale,0,0
accadere,0,0
regalo,0,0
storia,0,0
stoviglie,0,0
sesso,0,0
gusto,0,0
creatura,0,0
fratelli,0,0
legge,0,0
legislatore,0,0
legislazione,0,0
viso,0,0
fantasma,0,0
conversazione,0,0
forma,0,0
modellare,0,0
ammesso,0,0
confessione,0,0
ieri,0,0
sano,0,0
bevanda,0,0
garanzia,0,0
garanzia,0,0
artigianato,0,0
profitto,0,0
vincere,0,0
coscienza,0,0
temporale,0,0
abitudine,0,0
di solito,0,0
speziato,0,0
veleno,1,1
velenoso,0,0
vetro,0,0
di vetro,0,0
liscio,0,0
scivolosità,0,0
credere,0,0
uguale,0,0
assomigliare,0,0
equilibrio,0,0
regolare,0,0
contemporaneamente,0,0
binario,0,0
scivolare,0,0
ghiacciaio,0,0
membro,0,0
campana,0,0
fortuna,0,0
felice,0,0
auguri,0,0
grazia,0,0
gentile,0,0
Dio,0,0
messa,0,0
divino,0,0
grado,0,0
grammo,0,0
erba,0,0
grigio,0,0
crudele,0,0
afferrare,0,0
confine,0,0
grande,0,0
dimensione,0,0
nonni,0,0
nonna,0,0
verde,0,0
motivo,0,0
fondare,0,0
gruppo,0,0
salutare,0,0
gomma,0,0
favorevole,0,0
cintura,0,0
cintura,0,0
buono,0,0
bontà,3,2
beni,0,0
buono regalo,0,0
capello,0,0
capelli,0,0
avere,0,0
porto,0,0
custodia,0,0
responsabilità civile,0,0
gallo,0,0
pollo,0,0
metà,0,0
collo,0,0
tenere,0,0
martello,0,0
mano,0,0
mani,0,0
commercio,0,0
guanto,0,0
borsa,0,0
cellulare,0,0
pendio,0,0
appendere,0,0
innocuo,0,0
urina,0,0
duro,0,0
resina,0,0
odio,0,0
odiare,0,0
brutto,0,0
frequente,0,0
principale,0,0
scuola secondaria,0,0
casa,0,0
economia domestica,0,0
governante,0,0
chiave di casa,0,0
sollevare,0,0
quaderno,0,0
violento,0,0
guarire,0,0
santo,0,0
patria,0,0
segreto,0,0
rauca,0,0
caldo,0,0
chiamarsi,0,0
riscaldare,0,0
riscaldamento,0,0
eroe,0,0
aiutare,0,0
chiaro,0,0
casco,0,0
camicia,0,0
qui,0,0
fuori,0,0
autunno,0,0
autunnale,0,0
origine,0,0
splendido,0,0
produrre,0,0
intorno,0,0
giù,0,0
cuore,0,0
fieno,0,0
ululare,0,0
oggi,0,0
odierno,0,0
aiuto,0,0
indifeso,0,0
utile,0,0
disponibile,0,0
cielo,0,0
là,0,0
fuori,0,0
impedire,0,0
ostacolo,0,0
attraverso,0,0
dentro,0,0
andare,0,0
dietro,0,0
dietro,0,0
dopo,0,0
in basso,0,0
indicazione,0,0
indicare,0,0
aggiungere,0,0
calore,0,0
alto,0,0
grattacielo,0,0
matrimonio,0,0
corte,0,0
sperare,0,0
speranza,0,0
educato,0,0
educazione,0,0
vuoto,0,0
prendere,0,0
inferno,0,0
legno,0,0
miele,0,0
sentire,0,0
orizzonte,0,0
corno,0,0
pantaloni,0,0
hotel,0,0
carino,0,0
elicottero,0,0
anca,0,0
collina,0,0
umorismo,0,0
cane,0,0
cento,1,0
tempo da cani,0,0
fame,0,0
affamato,0,0
tosse,0,0
capanna,0,0
io,0,0
idea,0,0
idiota,0,0
a lui,0,0
lui,0,0
a loro,0,0
lei,0,0
suo,0,0
sempre,0,0
vaccinare,0,0
in,0,0
industria,0,0
informazione,0,0
ingegnere,0,0
contenuto,0,0
interno,0,0
isola,0,0
installare,0,0
intelligente,0,0
intelligenza,0,0
interessante,0,0
interessarsi,0,0
internazionale,0,0
internet,0,0
qualche,0,0
qualche,0,0
prima o poi,0,0
qualcuno,0,0
da qualche parte,0,0
sbagliarsi,0,0
sì,0,0
giacca,0,0
cacciatore,0,0
anno,0,0
annuale,0,0
irascibile,0,0
lamentarsi,0,0
gennaio,0,0
per,0,0
ogni,0,0
ogni,0,0
ogni,0,0
qualcuno,0,0
adesso,0,0
prurito,0,0
prudere,0,0
ebraico,0,0
gioventù,0,0
giovane,0,0
giovane,0,0
luglio,0,0
ragazzo,0,0
gioiello,0,0
gioielli,1,0
cavo,0,0
cabina,0,0
piastrella,0,0
scarabeo,0,0
caffè,0,0
gabbia,0,0
calvo,0,0
vitello,0,0
carne di vitello,0,0
calendario,0,0
freddo,0,0
lotta,0,0
combattere,0,0
coniglio,0,0
brocca,0,0
capitolo,0,0
cappuccio,0,0
carota,0,0
carta,0,0
patata,0,0
cartone,0,0
formaggio,0,0
cassa,2,0
scatola,0,0
catalogo,0,0
gatto,2,2
comprare,0,0
grande magazzino,0,0
a malapena,0,0
cantina,0,0
cameriere,0,0
conoscere,0,0
conoscenza,0,0
conoscenze,0,0
nocciolo,0,0
candela,0,0
calderone,0,0
collana,0,0
chilogrammo,0,0
bambino,0,0
asilo,0,0
passeggino,0,0
infanzia,0,0
infanzia,0,0
mento,0,0
cinema,0,0
chiosco,0,0
chiesa,0,0
ciliegia,0,0
marmellata di ciliegie,0,0
cuscino,0,0
scatola,0,0
lamentarsi,0,0
sportello,0,0
funzionare,0,0
chiaro,0,0
chiarezza,0,0
linguaggio chiaro,0,0
incollare,0,0
colla,0,0
colla,0,0
vestito,0,0
piccolo,0,0
idraulico,0,0
arrampicarsi,2,0
campanello,0,0
suonare,0,0
clinica,0,0
maniglia,0,0
bussare,0,0
monastero,0,0
intelligente,0,0
scoppio,0,0
scarso,0,0
ginocchio,0,0
rotula,0,0
osso,0,0
frattura,1,0
cuoco,0,0
cucinare,0,0
valigia,0,0
cognac,0,0
carbone,0,0
collega,0,0
collega,0,0
collisione,0,0
combinazione,0,0
combinare,0,0
strano,0,0
venire,0,0
competenza,0,0
completo,0,0
conflitto,0,0
re,0,0
regina,0,0
concorrenza,0,0
costruire,0,0
contatto,0,0
conto,0,0
concentrare,0,0
testa,0,0
sughero,0,0
grano,0,0
chicchi,0,0
corpo,0,0
correzione,0,0
corridoio,0,0
prezioso,0,0
costare,0,0
rumore,0,0
forza,0,0
forte,4,0
colletto,0,0
crampo,4,4
malato,0,0
ospedale,0,0
cassa malattia,0,0
assicurazione sanitaria,0,0
ambulanza,0,0
in congedo per malattia,0,0
malattia,0,0
erbe,0,0
credito,0,0
carta di credito,0,0
gesso,1,0
cerchio,0,0
croce,0,0
incrocio,0,0
strisciare,0,0
critica,0,0
critico,0,0
fresco,0,0
frigorifero,0,0
cultura,0,0
preoccupazione,0,0
cliente,0,0
cliente,0,0
arte,0,0
artista,0,0
opera d'arte,0,0
frizione,0,0
corso,0,0
curva,0,0
bacio,0,0
baci,0,0
baciare,0,0
costa,0,0
guardia costiera,0,0
sorridere,0,0
risata,0,0
ridicolo,0,0
vernice,0,0
negozio,0,0
negozi,0,0
magazzino,0,0
lampada,0,0
lungo,0,0
a lungo,0,0
lunghezza,0,0
annoiarsi,0,0
noioso,0,0
rumore,0,0
lasciare,0,0
camion,0,0
camion,0,0
forte,0,0
altoparlante,0,0
vivere,0,0
vita,0,0
vivo,0,0
generi alimentari,0,0
fegato,0,0
vivace,0,0
leccare,0,0
delizioso,0,0
cuoio,0,0
single,0,0
vuoto,0,0
vuoto,0,0
mettere,0,0
insegnamento,0,0
insegnante,0,0
insegnante,0,0
cadavere,0,0
leggero,0,0
leggerezza,0,0
soffrire,0,0
passione,0,0
tela,0,0
silenzioso,0,0
compiere,0,0
prestazione,0,0
scala,0,0
leggere,0,0
luce,0,0
caro,0,0
amore,0,0
meglio,0,0
canzone,0,0
fornitore,4,4
fornire,0,0
essere sdraiato,0,0
righello,0,0
linea,0,0
a sinistra,0,0
lente,0,0
labbro,0,0
lista,0,0
litro,0,0
lode,0,0
lodare,0,0
buco,0,0
cucchiaio,0,0
logico,0,0
salario,0,0
valere la pena,0,0
cancellare,0,0
risolvere,0,0
aria,0,0
bugia,0,0
mentire,0,0
desiderio,0,0
allegro,0,0
fare,0,0
potere,0,0
potente,0,0
ragazza,0,0
domestica,0,0
stomaco,0,0
magro,0,0
magnete,0,0
ammonire,0,0
ammonimento,0,0
volta,0,0
una volta,0,0
dipingere,0,0
mancanza,0,0
uomo,0,0
cappotto,0,0
cartella,0,0
fiaba,0,0
marca,0,0
marcare,0,0
marcato,0,0
mercato,0,0
marmellata,0,0
marmo,0,0
marciare,0,0
marciato,0,0
marzo,0,0
maglia,0,0
macchina,0,0
misura,0,0
massa,0,0
materasso,0,0
opaco,0,0
muro,0,0
topo,0,0
pedaggio,0,0
meccanico,0,0
medicinale,0,0
mare,0,0
farina,0,0
più,0,0
maggioranza,0,0
maestro,0,0
annunciare,0,0
notizia,0,0
uomo,0,0
persone,0,0
umanità,0,0
notare,0,0
coltello,0,0
metallo,0,0
metro,0,0
affitto,0,0
affittare,0,0
latte,0,0
milione,0,0
milioni,0,0
minoranza,0,0
venire con,0,0
partecipare,0,0
portare con sé,0,0
moderno,0,0
piacere,0,0
possibile,0,0
stanco,0,0
dopo,0,0
riflettere,0,0
chiedere,0,0
riempire di nuovo,0,0
recuperare,0,0
diminuire,0,0
trascurato,0,0
copiare,0,0
successivo,0,0
dimostrare,29,29
nudo,0,0
vicino,0,0
cucire,0,0
ingenuo,0,0
bagnato,0,0
accanto,0,0
effetto collaterale,0,0
invidioso,0,0
no,0,0
chiamare,0,0
nervoso,0,0
gentile,0,0
nuovo,0,0
curioso,0,0
di recente,0,0
nove,0,0
non,0,0
niente,0,0
giù,0,0
basso,0,0
nessuno,2,0
starnutire,0,0
ancora,0,0
nord,0,0
settentrionale,0,0
normale,0,0
emergenza,0,0
notaio,0,0
uscita di emergenza,0,0
caso d’emergenza,0,0
medico d’urgenza,0,0
annotare,0,0
necessario,0,0
appunti,0,0
necessario,0,0
novembre,2,0
sobrio,0,0
pasta,0,0
zero,0,0
numero,0,0
noce,0,0
servire,0,0
usare,0,0
utile,0,0
superiore,0,0
superiore,0,0
superficie,0,0
torace,0,0
scuola superiore,0,0
oggetto,0,0
frutta,0,0
oppure,0,0
aperto,0,0
franchezza,0,0
aprire,0,0
spesso,0,0
senza,0,0
svenimento,0,0
orecchio,3,2
ottobre,0,0
olio,0,0
nonna,0,0
zio,0,0
operazione,0,0
vittima,0,0
ottica,0,0
arancia,0,0
ordinato,0,0
ordine,0,0
raccoglitore,0,0
luogo,0,0
est,0,0
orientale,0,0
oceano,0,0
alcuni,0,0
coppia,0,0
imballare,0,0
imballare,0,0
pacchetto,0,0
palazzo,24,23
cestino,0,0
carta,0,0
documenti,0,0
paradiso,0,0
paragrafo,0,0
parcheggiare,0,0
parcheggio,0,0
partito,0,0
partner,0,0
passaporto,0,0
passeggero,0,0
accadere,0,0
paziente,0,0
pausa,0,0
Pacifico,0,0
imbarazzante,0,0
pelliccia,0,0
perfetto,0,0
perle,0,0
prete,0,0
padella,0,0
pignorare,0,0
padella,0,0
fischiare,0,0
pepe,4,4
pipa,0,0
freccia,0,0
cavallo,0,0
cavalcare,0,0
dovere,0,0
Pentecoste,0,0
prugna,0,0
piantare,0,0
pianta,0,0
cura,0,0
cogliere,0,0
aratro,0,0
portiere,0,0
fantasia,0,0
fase,0,0
fungo,0,0
disco,0,0
posto,0,0
improvvisamente,0,0
polizia,0,0
poliziotta,0,0
politica,0,0
politico,0,0
piscina,0,0
porto,0,0
francobollo,0,0
porzione,0,0
porcellana,0,0
splendido,0,0
pratico,0,0
premio,0,0
studio medico,0,0
precisione,0,0
preciso,0,0
prezzi,0,0
prezzo,0,0
riduzione di prezzo,0,0
stampa,0,0
principio,0,0
provare,0,0
problema,0,0
prova,0,0
prodotto,0,0
produrre,0,0
profitto,0,0
previsione,0,0
programma,0,0
programmare,0,0
progetto,0,0
depliant,0,0
protesta,0,0
verbale,0,0
protestare,0,0
provincia,0,0
provocare,0,0
provvisorio,0,0
percento,0,0
processo,0,0
esame,0,0
verificare,0,0
barboncino,0,0
cipria,0,0
polvere,0,0
pompa,0,0
punto,0,0
bambola,0,0
pulire,0,0
quadrato,0,0
quadrato,0,0
tormentare,0,0
qualità,0,0
quark,0,0
quiz,0,0
fonte,0,0
di traverso,0,0
cigolare,0,0
ricevuta,0,0
quota,0,0
sconto,0,0
gola,0,0
ruota,0,0
gomma da cancellare,0,0
radio,0,0
cornice,30,28
panna,0,0
rampa,0,0
rampa di lancio,0,0
margine,0,0
rango,0,0
correre,0,0
prato,0,0
rasoio,0,0
radersi,0,0
area di sosta,0,0
autogrill,0,0
ratto,0,0
consigliare,0,0
consiglio,0,0
indovinello,1,1
rata,0,0
fumare,0,0
fumo,0,0
spazio,0,0
reagire,0,0
calcolare,0,0
conto,0,0
diritto,0,0
giusto,0,0
giustificare,0,0
a destra,0,0
avvocato,0,0
discorso,0,0
parlare,0,0
redazione,0,0
scaffale,0,0
regola,0,0
ombrello,0,0
governo,0,0
regione,0,0
piovere,0,0
pioggia,0,0
stimolare,0,0
capriolo,0,0
ricco,0,0
ricchezza,0,0
maturo,0,0
pneumatico,0,0
fila,0,0
ordine,0,0
rima,0,0
riso,0,0
viaggio,0,0
agenzia di viaggi,0,0
viaggiare,0,0
passaporto,0,0
guida turistica,0,0
cavalcare,0,0
riparare,0,0
riparazione,0,0
prenotazione,0,0
prenotare,0,0
rispetto,0,0
salvataggio,0,0
salvare,0,0
ricetta,0,0
reception,0,0
dirigere,0,0
giudice,0,0
corretto,0,0
direzione,0,0
bovino,0,0
carne di manzo,0,0
anello,0,0
gonna,0,0
costola,0,0
musica rock,0,0
rockstar,0,0
disboscamento,0,0
crudo,0,0
tubo,0,0
monopattino,0,0
rotolare,0,0
ruoli,0,0
romanticismo,0,0
romantico,0,0
rosa,0,0
rose,0,0
ruggine,0,0
arrugginire,0,0
persona dai capelli rossi,0,0
rosso,0,0
schiena,0,0
ritorno,0,0
ritorno,0,0
restituzione,0,0
ritorno,0,0
all’indietro,0,0
chiamata,0,0
chiamare,0,0
tranquillo,0,0
calma,0,0
riposare,0,0
pausa,0,0
pensione,0,0
commovente,0,0
mescolare,0,0
giro,0,0
giù,0,0
scivolare,0,0
scivolamento,0,0
sala,0,0
seme,0,0
cosa,0,0
sacco,0,0
borsellino,0,0
paghetta,0,0
succo,0,0
dire,0,0
seminare,0,0
panna,0,0
insalata,0,0
salato,0,0
seme,0,0
seme,0,0
raccogliere,0,0
sabato,0,0
velluto,0,0
sabbia,0,0
sabbioso,0,0
gentile,0,0
cantante,0,0
cantante,0,0
bara,0,0
frase,0,0
sella,0,0
acido,0,0
acidità,0,0
succhiare,0,0
allattare,0,0
colonna,0,0
mammifero,0,0
pozzo,0,0
danno,0,0
dannoso,0,0
pecora,0,0
lana di pecora,0,0
creare,0,0
sciarpa,0,0
ciotola,0,0
interruttore,0,0
vergogna,0,0
vergognarsi,0,0
piccante,0,0
ombra,0,0
ombroso,0,0
rovescio,0,0
pala,0,0
vetrina,0,0
scarpa,0,0
assegno,3,0
disco,0,0
sembrare,0,0
regalare,0,0
frammento,0,0
forbici,0,0
scherzo,0,0
scherzare,0,0
spingere,0,0
storto,0,0
sparare,0,0
nave,0,0
navigazione,0,0
canna,0,0
muffa,0,0
rimproverare,0,0
prosciutto,0,0
panino,0,0
parapioggia,0,0
serpente,0,0
tubo flessibile,0,0
furbo,0,0
cattivo,0,0
velo,0,0
affilare,0,0
muco,0,0
mucosa,0,0
trascinare,0,0
rimorchiatore,0,0
fine,0,0
chiudere,0,0
male,0,0
brutto,0,0
slitta,0,0
castello,1,0
fine,0,0
sorso,0,0
ingoiare,0,0
stretto,0,0
assaggiare,0,0
dolore,0,0
fare male,0,0
spalmare,0,0
gioiello,0,0
gioiello,0,0
contrabbandiere,0,0
contrabbandare,0,0
sporco,0,0
becco,0,0
russare,0,0
tagliare,0,0
neve,0,0
nevicare,0,0
veloce,0,0
cotoletta,0,0
intagliare,0,0
raffreddore,0,0
soffiare il naso,0,0
scioccare,0,0
shock,0,0
cioccolato,0,0
camino,0,0
armadio,0,0
vite,0,0
chiave inglese,0,0
terribile,0,0
scrivere,0,0
scrittore,0,0
grido,0,0
per iscritto,0,0
scrittura,0,0
passo,0,0
gradualmente,0,0
cassetto,0,0
rottame,0,0
timido,0,0
scarpa,0,0
laccio delle scarpe,0,0
colpa,0,0
debiti,0,0
colpevole,0,0
scuola,0,0
scuolabus,0,0
studente,0,0
studentessa,0,0
giorno di scuola,0,0
capanno,0,0
colpo,0,0
grembiule,0,0
ciotola,0,0
protezione,0,0
versare,0,0
scuotere,0,0
cognato,0,0
cognata,0,0
spugna,0,0
nero,0,0
fluttuare,0,0
tacere,0,0
sudore,0,0
giuntura saldata,0,0
carne di maiale,0,0
soglia,0,0
pesante,0,0
spada,0,0
suocero,0,0
suocera,0,0
difficoltà,0,0
nuotare,0,0
piscina,0,0
vertigine,0,0
sudare,0,0
afoso,0,0
sei,0,0
sesto,0,0
sessanta,1,1
sedici,0,0
mare,0,0
anima,30,29
vela,0,0
veleggiare,0,0
nostalgia,0,0
molto,0,0
sapone,0,0
corda,0,0
essere,0,0
da,0,0
da allora,0,0
pagina,0,0
segretaria,0,0
segretario,0,0
stesso,0,0
da solo,0,0
ovvio,0,0
raramente,0,0
strano,0,0
seme,0,0
inviare,0,0
senape,0,0
serie,0,0
settembre,0,0
servizio,0,0
poltrona,0,0
set,0,0
mettere,0,0
sé,0,0
vista,0,0
sicurezza,0,0
cintura di sicurezza,0,0
visibile,0,0
setaccio,0,0
sette,0,0
settimo,0,0
settanta,0,0
vittoria,0,0
vincere,0,0
segnale,0,0
argento,0,0
sillaba,0,0
San Silvestro,0,0
cantare,0,0
affondare,0,0
senso,0,0
usanza,0,0
sedere,0,0
posto,0,0
sciare,0,0
schizzo,0,0
scandalo,0,0
così,0,0
subito,0,0
calzino,0,0
divano,0,0
figlio,0,0
soldato,0,0
dovere,0,0
estate,0,0
sole,0,0
alba,0,0
tramonto,0,0
domenica,0,0
tipo,0,0
altrimenti,0,0
preoccuparsi,0,0
accurato,0,0
nonché,0,0
comunque,0,0
sociale,0,0
divertimento,0,0
passeggiare,0,0
saliva,0,0
donazione,0,0
donare,0,0
donatore,0,0
specchio,0,0
uovo al tegamino,0,0
giocare,0,0
giocatore,0,0
parco giochi,0,0
giocattolo,0,0
pietanza,0,0
menù,0,0
bloccare,0,0
specchio,0,0
riflettere,0,0
giocare,4,3
gioco,0,0
ragno,0,0
spinaci,0,0
spirale,0,0
appuntito,0,0
scheggia,0,0
sport,0,0
prendere in giro,0,0
linguistico,0,0
lingua,0,0
parlare,0,0
saltare,0,0
salto,0,0
spruzzare,0,0
siringa,0,0
sciacquare,0,0
bobina,0,0
percepire,0,0
stato,0,0
statale,0,0
spina,0,0
bastone,0,0
città,0,0
urbano,0,0
acciaio,0,0
ceppo,0,0
costante,0,0
stato,0,0
asta,0,0
gambo,0,0
impilare,0,0
forte,0,0
forza,0,0
rigido,1,1
partire,0,0
avere luogo,0,0
meravigliarsi,0,0
polvere,0,0
aspirapolvere,0,0
accumulare,0,0
pungere,0,0
infilare,0,0
stare in piedi,0,0
rubare,0,0
ripido,0,0
roccioso,0,0
posto,0,0
stella,0,0
costellazione,0,0
timbro,0,0
morire,0,0
tassa,0,0
controllo,0,0
centralina,0,0
evasione fiscale,0,0
contribuente,0,0
controllo,0,0
centralina,0,0
evasione fiscale,0,0
contribuente,0,0
consulente fiscale,0,0
puntura,0,0
stivale,0,0
matrigna,0,0
padre adottivo,0,0
gambo / manico,0,0
silenzioso,0,0
allattamento,0,0
allattare,0,0
voce,0,0
essere giusto,0,0
atmosfera,0,0
puzzare,0,0
bastone,0,0
piano,0,0
stoffa,0,0
orgoglioso,0,0
disturbare,0,0
disturbo,0,0
urtare,0,0
stoffa,0,0
punizione,0,0
punito,0,0
raggio,0,0
raggio di luce,0,0
spiaggia,0,0
cespuglio,0,0
strada,0,0
tram,0,0
stendere,0,0
cancellare,0,0
litigare,0,0
rigoroso,2,0
linea,0,0
corda,0,0
ferro da maglia,0,0
corrente,0,0
calza,0,0
corrente,0,0
pezzo,0,0
borsa di studio,0,0
studente,0,0
studiare,0,0
ha studiato,0,0
gradino,0,0
muto,0,0
spento,0,0
tempesta,0,0
sostenere,0,0
sud,0,0
meridionale,0,0
somma,0,0
palude,0,0
peccare,0,0
supermercato,0,0
sistema,0,0
scena,0,0
tabella,0,0
compressa,0,0
valle,0,0
ritmo,0,0
serbatoio,0,0
distributore di benzina,0,0
stazione di servizio,0,0
fare rifornimento,0,0
zia,0,0
coraggioso,0,0
camminare alla cieca,0,0
infatti,0,0
atto,0,0
colpevole,0,0
scena del crimine,0,0
fatto,0,0
attivo,0,0
attività,0,0
tatuaggio,0,0
sordo,0,0
immergersi,0,0
scambio,0,0
scambiare,1,1
taxi,0,0
tassista,0,0
tè,0,0
impasto,0,0
parte,0,0
pezzo di ricambio,0,0
dividere,0,0
partecipazione,0,0
partecipato,0,0
telefonare,0,0
telefonato,0,0
piatto,0,0
tappeto,0,0
terrazza,0,0
appuntamento,0,0
test,0,0
caro,0,0
diabolico,0,0
teatro,0,0
tema,0,0
termometro,0,0
biglietto,0,0
profondo,0,0
profondità,0,0
tigre,0,0
tavolo,0,0
consiglio,0,0
figlia,0,0
società controllata,0,0
morte,0,0
mortale,0,0
gabinetto,0,0
fantastico,0,0
pomodoro,0,0
suono,0,0
pentola,0,0
porta,0,0
torta,0,0
morto,0,0
turista,0,0
turismo,0,0
portare,0,0
lacrima,0,0
trasporto,0,0
uva,0,0
succo d’uva,0,0
sognare,0,0
sogno,0,0
sognare,0,0
incontrare,0,0
incontrarsi,0,0
separare,0,0
scala,0,0
fedele,0,0
fedeltà,0,0
trucco,0,0
bevuto,0,0
mancia,0,0
secco,0,0
lacrima (ripetuto),0,0
tuttavia,0,0
consolazione,0,0
consolare,0,0
asso,0,0
ciao,0,0
virtù,0,0
fare,0,0
porta,0,0
maniglia,0,0
sacchetto,0,0
torre,0,0
tipico,0,0
metropolitana,0,0
nauseato,0,0
sentirsi male,0,0
sopra,0,0
rivedere,0,0
gratinar,0,0
investire,0,0
sorvolare,0,0
sopraffatto,0,0
sovraffollare,0,0
affatto,0,0
sorpassare,0,0
lasciare,0,0
riflettere,0,0
riflettere,0,0
sopravvivere,0,0
riflessivo,0,0
attraversare,0,0
sorprendere,3,1
tradurre,0,0
chiaro,0,0
superare,0,0
trasmettere,0,0
esagerare,0,0
esagerato,0,0
sorvegliare,0,0
fare un bonifico,0,0
convinto,0,0
convincere,0,0
consueto,0,0
esercitare,0,0
esercitato,0,0
esercizio,0,0
riva,0,0
orologio,0,0
orario,0,0
intorno a,0,0
abbracciare,0,0
abbracciato,0,0
uccidere,0,0
ucciso,0,0
aggirare,0,0
comprendere,0,0
portata / estensione,0,0
maneggiare / trattare,0,0
passato,0,0
circondare,0,0
guardato intorno,0,0
invertire la direzione,27,24
contrario,0,0
cambiare mezzo,0,0
cambiato mezzo,0,0
cambiare,0,0
scambiato,0,0
traslocare,0,0
traslocato,0,0
trasloco,0,0
ambiente,0,0
ambiente,0,0
indipendente,0,0
indipendenza,0,0
spiacevole,0,0
maleducato,0,0
illimitato,0,0
assolutamente,0,0
sconosciuto,0,0
scomodo,0,0
indescrivibile,0,0
inconsapevole,0,0
inutilizzabile,0,0
ingrato,0,0
indeciso,0,0
poco chiaro,0,0
irraggiungibile,0,0
insopportabile,0,0
incapace,0,0
scortese,0,0
impaziente,0,0
inadatto,0,0
circa,1,0
innocuo,0,0
immenso,0,0
impreciso,0,0
insufficiente,0,0
maldestro,0,0
malsano,0,0
incredibile,0,0
sfortuna,0,0
infelice,0,0
non valido,0,0
sfavorevole,0,0
università,0,0
immediato,0,0
impossibile,0,0
Inutile,0,0
disordinato,0,0
non puntuale,0,0
innocente,0,0
nostro,0,0
insicuro,0,0
insensato,0,0
sotto,0,0
interrompere,2,0
reprimere,0,0
al di sotto di,0,0
sottopassaggio,0,0
intrattenere,0,0
azienda,0,0
intraprendere,0,0
differenza,0,0
distinguere,0,0
firmare,0,0
sostenere,0,0
sostegno,0,0
esaminare,0,0
esame,0,0
in viaggio,0,0
non sposato,0,0
inimmaginabile,0,0
improbabile,0,0
irrilevante,0,0
insoddisfatto,0,0
inaffidabile,0,0
vacanza,0,0
causa,0,0
giudizio,0,0
giudicare,0,0
vaso,0,0
vaso da fiori,0,0
padre,0,0
nonno,0,0
vena,0,0
valvola,0,0
lavorazione,0,0
disprezzare,0,0
cambiare,0,0
far fare,0,0
evento,0,0
responsabilità,0,0
migliorare,0,0
divieto,0,0
consumare,0,0
diffondere,0,0
trascorrere,0,0
sospetto,0,0
rovinare,0,0
guadagnare,0,0
evaporare,0,0
associazione,0,0
accordare,0,0
cadere in rovina,0,0
maledire,0,0
sedurre,0,0
perdonare,0,0
passare,0,0
confrontare,0,0
divertire,0,0
divertimento,0,0
arrestare,0,0
comportarsi,0,0
comportamento,0,0
negoziare,0,0
sposato,0,0
impedire,0,0
morire di fame,0,0
vendere,0,0
venditore,0,0
traffico,0,0
fare causa,0,0
editore,0,0
richiedere,0,0
prolungare,0,0
abbandonare,0,0
affidabile,0,0
perdersi,0,0
ferito,0,0
prestare,0,0
perdere,0,0
perdita,0,0
evitare,0,0
evitato,0,0
affittare,0,0
affittato,0,0
patrimonio,0,0
mediatore,0,0
probabilmente,0,0
trascurare,0,0
ragionevole,0,0
prescrivere,0,0
perso,0,0
obbligare,0,0
tradire,0,0
addebitare,0,0
partire in viaggio,0,0
pazzo,0,0
fallire,0,0
riunire,0,0
mancare,0,0
rinviare,0,0
diverso,0,0
peggiorare,0,0
ingoiare,0,0
prescrivere,0,0
sprecare,0,0
sparire,0,0
inviare,0,0
spedizione,0,0
assicurazione,0,0
ritardo,0,0
essere in ritardo,0,0
promettere,0,0
intelletto,0,0
comunicare,0,0
rafforzare,0,0
nascondere,0,0
capire,0,0
colui che capisce,0,0
violare,0,0
provare / tentare,0,0
tentativo,0,0
rappresentare,0,0
contratto,0,0
fidarsi,0,0
rappresentante,0,0
causare,0,0
amministrare,0,0
amministrazione,0,0
trasformare,0,0
confondere,0,0
spargere,0,0
rifiutare,0,0
realizzare,0,0
vedovo,1,0
coccolare,0,0
rinunciare,0,0
perdonare,0,0
rinunciare,0,0
ritardare,0,0
disperarsi,0,0
molti,0,0
quarto,0,0
popolo,0,0
uccello,0,0
pieno,0,0
completo,0,0
plenilunio,0,0
da,0,0
prima,0,0
passato,0,0
preparare,0,0
preparazione,0,0
precedenza,0,0
predecessore,0,0
superiore,0,0
intendere,0,0
tenda,0,0
previsione,0,0
provvisorio,0,0
mattina,0,0
mattutino,0,0
scorta,0,0
attenzione,0,0
attento,0,0
proposta,0,0
proporre,0,0
antipasto,0,0
presentazione,0,0
presentare,0,0
conferenza,0,0
avanti,0,0
prefazione,0,0
preferire,0,0
eccellente,0,0
bilancia,1,1
sveglio,0,0
crescere,0,0
arma,0,0
osare,0,0
scelta,0,0
scegliere,0,0
folle,0,0
vero,0,0
durante,0,0
percepire,0,0
percezione,0,0
probabile,0,0
bosco,0,0
valuta,0,0
muro,0,0
cambiamento,0,0
camminare,0,0
quando,0,0
merce,0,0
magazzino,0,0
caldo,0,0
avvertire,0,0
aspettare,0,0
perché,0,0
cosa,0,0
bucato,0,0
lavare,0,0
acqua,0,0
rubinetto,0,0
ovatta,0,0
cambio,0,0
sveglia,0,0
via,0,0
a causa,0,0
partire,0,0
andarsene,24,23
fuggire,0,0
dolore,0,0
far male,0,0
piangere,0,0
far male,0,0
difendersi,0,0
rifiutarsi,0,0
Natale,0,0
perché,0,0
vino,0,0
bianco,0,0
bianca,0,0
imbiancare,0,0
oltre,0,0
proseguire,0,0
continuare,0,0
onda,0,0
girare,0,0
poco,0,0
almeno,0,0
se,0,0
diventare,0,0
chi,0,0
pubblicità,1,1
lanciare,0,0
officina,0,0
feriali,0,0
attrezzo,0,0
valore,0,0
prezioso,0,0
essenziale,0,0
essere,0,0
tempo,0,0
gara,0,0
scommettere,0,0
concorso,0,0
importante,0,0
resistenza,0,0
contraddire,0,0
ripugnante,0,0
come,0,0
di nuovo,0,0
ripetere,0,0
prato,0,0
selvaggio,0,0
bracconare,0,0
benvenuto,0,0
arbitrario,0,0
ciglio,0,0
vento,0,0
pannolino,0,0
viticoltore,0,0
oste,0,0
noi,0,0
davvero,0,0
colonna,0,0
agire,0,0
realtà,0,0
effetto,0,0
economia,0,0
diploma,0,0
vedova,0,0
barzelletta,0,0
fine-settimana,0,0
settimana,0,0
settimanale,0,0
vodka,0,0
convivenza,0,0
appartamento,0,0
studentato,0,0
abitare,0,0
nuvola,0,0
volere,0,0
parola,2,1
dizionario,0,0
ferita,0,0
dove,0,0
da dove,0,0
dove,0,0
appartamento,0,0
studentato,0,0
abitare,0,0
nuvola,0,0
volere,0,0
desiderio,0,0
desiderare,1,0
salsiccia,0,0
furioso,0,0
rabbia,0,0
tenace,0,0
numero,0,0
pagare,0,0
contare,0,0
numeroso,0,0
dente,0,0
mal di denti,0,0
spazzolino,0,0
pinza,0,0
tenera,0,0
magia,0,0
incantare,0,0
recinto,0,0
zecca,0,0
dito,0,0
dieci,0,0
decimo,0,0
segno,0,0
disegnare,0,0
mostrare,0,0
riga,0,0
cellula,0,0
tempo,0,0
presto,0,0
rivista,0,0
tenda,0,0
centro,0,0
centrale,0,0
rompere,0,0
schiacciare,0,0
strappare,0,0
distruzione,0,0
biglietto,0,0
cosa,0,0
mattone,0,0
capra,0,0
caprino,0,0
tirare,0,0
obiettivo,0,0
abbastanza,0,0
cifra,0,0
quadrante,0,0
sigaretta,0,0
sigaro,0,0
camera,0,0
soffitto,0,0
cameriera,0,0
interesse,0,0
limone,0,0
tremare,0,0
esitare,0,0
dogana,0,0
daziare,0,0
ira,0,0
irato,0,0
a,0,0
accessori,0,0
preparare,0,0
zucchero,0,0
prima,0,0
caso,0,0
casuale,0,0
accesso,0,0
treno,0,0
concessione,0,0
futuro,0,0
futuro,0,0
permettere,0,0
infine,0,0
aumentare,0,0
lingua,0,0
orientarsi,0,0
indietro,0,0
ritornare,0,0
rientrare,0,0
insieme,0,0
comporre,0,0
crollare,0,0
connessione,0,0
aggiuntivo,0,0
aggiunta,0,0
stato,0,0
approvare,0,0
affidabile,0,0
affidabilità,0,0
venti,0,0
due,0,0
dubbio,0,0
dubitare,0,0
ramo,0,0
doppio,0,0
gemello,0,0
costringere,0,0
tra,0,0
temporaneamente,0,0
dodici,0,0
