abbiegen,svoltare,V
abbildung,illustrazione,F
abbrechen,staccare rompendo,V
abend,sera,M
abends,di sera,A
abenteuer,avventura,N
aber,ma,C
abfahren,partire,V
abfahrt,partenza,F
abfall,rifiuti,M
abfliegen,partire con l’aereo,V
abfluss,scarico,M
abgeben,consegnare,V
abhang,pendio,M
abholen,andare a prendere,V
abkürzen,accorciare,V
ablagerung,sedimento,F
ablaufen,scadere,V
ablehnen,rifiutare,V
ablenken,distrarre,V
abliefern,consegnare,V
abmachen,fissare un appuntamento,V
abmontieren,smontare,V
abnehmen,diminuire,V
abpacken,confezionare,V
abrechnen,fare I conti,V
abreisen,partire in viaggio,V
absagen,disdire,V
absage,disdetta,F
abschalten,spegnere,V
abschicken,spedire,V
abschliessen,chiudere a chiave,V
abschluss,conclusione,M
absenden,spedire,V
absicht,intenzione,F
abstand,distanza,M
abstellen,deporre,V
abstieg,discesa,M
abstimmen,votare,V
abstürzen,precipitare,V
abteilung,reparto,F
abwaschen,lavare I piatti,V
abwechslung,cambiamento,F
abweichen,deviare di,V
abwesend,assente,G
achse,asse,F
achten,stimare,V
adresse,indirizzo,F
affe,scimmia,M
ähnlich,simile,A
ahnung,idea,F
akte,atto,F
aktie,azione(finanza),F
aktiv,attivo,G
alkohol,alcol,M
alle,tutti,A
allein,solo,A
allerdings,tuttavia,A
allgemein,generale,G
allmählich,graduale,G
als,come,A
alt,vecchio,G
alter,vecchiaia,N
ampel,semaforo,F
amt,ufficio pubblico,N
ameise,formica,F
altertum,antichità,N
anbei,allegato,A
anbieten,offrire,V
ander,l’altro,G
anders,diversamente,A
ändern,cambiare,V
anfang,inizio,M
anfall,attacco,M
anfangen,cominciare,V
anfassen,toccare con le mani,V
anforderung,esigenza,F
angabe,indicazione,F
angeben,indicare,V
angeblich,preteso,G
angebot,offerta,N
angebracht,opportuno,G
angelegenheit,faccenda,F
angeln,pescare,V
angenehm,piacevole,G
angestellte,impiegato,M
angreifen,attaccare,V
angst,paura,F
anhalten,fermare,V
anheben,sollevare,V
anklagen,accusare,V
anklicken,cliccare su,V
anklopfen,bussare,V
ankommen,arrivare,V
ankündigen,annunciare,V
anlage,impianto,F
anliegen,desiderio,N
anmachen,accendere,V
anmeldung,iscrizione,F
annahme,accettazione,F
annehmen,accettare,V
anpassen,adattare,V
anrufen,chiamare per telefono,V
ansage,annuncio,F
anschliessen,collegare,V
ansicht,parere,F
anspruchsvoll,esigente,G
anständig,decente,G
anstatt,al posto di,C
anstecken,contagiare,V
anstrengen,sforzarsi,V
anteil,percentuale,M
antrag,domanda,M
antworten,rispondere,V
anwalt,avvocato,M
anwenden,adoperare,V
anwesend,presente,G
anzahl,numero,F
anzeige,inserzione,F
anziehen,vestirsi,V
apfel,mela,M
apparat,apparecchio,M
appetit,appetito,M
april,aprile,M
arbeit,lavoro,F
arbeiten,lavorare,V
arbeitszeit,orario di lavoro,F
arbeitnehmer,posto di lavoro,M
arbeitsplatz,luogo di lavoro,M
ärger,rabbia,M
ärgern,arrabbiarsi,V
armut,povertà,F
arm,braccio,M
ärmel,manica,M
art,maniera,F
arzt,dottore,M
ast,ramo,M
asche,cenere,F
atmen,respirare,V
atem,fiato,M
auch,anche,C
aufbewahren,conservare,V
aufdringlich,invadente,A
aufenthalt,soggiorno,M
auffallen,risaltare,V
auffordern,esortare,V
aufgabe,compito,F
aufgeben,rinunciare,V
aufhalten,trattenere,V
aufhängen,appendere,V
aufheben,raccogliere da terra,V
aufhören,smettere,V
aufladen,caricare,V
auflösen,liquidare,V
aufmachen,aprire,V
aufmerksam,attento,G
aufnehmen,registrare,V
aufpassen,far attenzione,V
aufregen,arrabbiarsi,V
aufschliessen,aprire a chiave,V
aufschreiben,annotare,V
aufsichtrat,consiglio di vigilanza,F
aufsicht,vigilanza,M
aufstehen,alzarsi,V
aufstellen,collocare,V
auftrag,ordine,M
aufwachen,svegliarsi,V
aufwecken,svegliare,V
aufzählen,enumerare,V
aufzeichnen,registrare,V
aufzug,ascensore,M
auge,occhio,N
august,agosto,M
ausbauen,ampliare,V
ausbildung,istruzione,F
ausbreiten,stendere,V
ausdauer,perseveranza,F
ausdehnen,allargare,V
ausdehnen,estendersi,V
ausdenken,immaginarsi,V
ausdrücken,esprimersi,V
auseinander,discosto reciprocamente,A
ausfahrt,uscita autostradale,F
ausfallen,cadere,V
ausflug,escursione,M
ausfuhr,esportazione,F
ausführlich,dettagliato,A
ausfüllen,riempire,V
ausgang,uscita,M
ausgeben,spendere,V
ausgehen,andare fuori,V
ausgeschlossen,escluso,A
ausgezeichnet,eccellente,A
ausgleichen,compensare,V
aushalten,sopportare,V
aushelfen,supplire,V
auskennen,conoscere,V
auskunft,informazione,F
ausland,estero,N
ausländer,straniero,M
auslassen,omettere,V
auslösen,far scattare,V
ausmachen,spegnere,V
ausnahme,eccezione,F
ausnützen,sfruttare,V
auspacken,disfare,V
ausprobieren,provare,V
auspuff,scappamento,M
ausrechnen,calcolare,V
ausruhen,riposarsi,V
ausrutschen,scivolare,V
aussage,dichiarazione,F
ausschalten,spegnere,V
ausschliessen,escludere,V
ausschneiden,ritagliare,V
aussehen,sembrare,V
aussen,all’infuori,C
ausserdem,inoltre,C
äussern,esprimersi su,V
aussicht,veduta,F
aussprechen,esprimere,V
aussprechen,pronunciarsi a favore di,V
ausstattung,allestimento,F
aussteigen,scendere,V
ausstellung,esposizione,F
ausstrecken,distendere,V
austauschen,sostituire,V
ausverkauf,svendita,M
auswahl,scelta,F
auswählen,scegliere,V
ausweichen,evitare un ostacolo,V
ausweis,documento d’identità,M
auswirkung,implicazione,F
ausziehen,spogliarsi,V
auto,macchina,N
baby,bebè,N
neugeborene,neonato,N
backe,guancia,F
bach,ruscello,M
backen,cuocere nel forno,V
bäckerei,panetteria,F
bad,bagno,N
baden,fare il bagno,V
bahn,ferrovia,F
bahnhof,stazione,M
bald,presto,A
balkon,balcone,M
ball,palla,M
band,nastro,N
bank,banca,F
bar,in contanti,A
barmherzig,misericordioso,A
bart,barba,M
batterie,batteria,F
bauen,costruire,V
bauch,pancia,M
bauer,agricoltore,M
baum,albero,M
beachten,considerare,V
beamte,funzionario,M
beanspruchen,pretendere,V
beanstanden,criticare,V
beantragen,chiedere un permesso,V
beaufsichtigen,sorvegliare,V
beauftragen,incaricare,V
bedanken,ringraziare,V
bedauern,dispiacersi per,V
bedeuten,significare,V
bedienen,servire,V
bedienung,servizio,F
bedingung,condizione,F
bedrohen,minacciare,V
beeilen,affrettarsi,V
beeindrucken,impressionare,V
beeinflussen,influenzare,V
beenden,terminare,V
beere,bacca,F
befassen,trovarsi,V
befehlen,comandare,V
befestigen,montare,V
befinden,trovarsi,V
befördern,trasportare,V
befreien,liberare,V
befriedigen,accontentare,V
befürchten,temere che,V
begabung,talento,F
begegnen,incontrare,V
begeisterung,entusiasmo,F
beginnen,cominciare,V
beglaubigen,autenticare,V
begleiten,accompagnare,V
begreifen,comprendere,V
begrenzen,limitare,V
begrüssen,salutare,V
begutachten,esaminare,V
behalten,tenere,V
behandeln,trattare,V
behaupten,affermare,V
beherrschen,dominare,V
behindern,ostacolare,V
behörde,autorità,F
beide,entrambi,A
beiliegend,allegato,A
bein,gamba,N
beispiel,esempio,N
beissen,mordere,V
beitragen,contribuire a,V
bekannt,conosciuto,A
beklagen,lamentarsi di,V
bekommen,ricevere,V
belasten,caricare,V
belästigen,molestare,V
beleg,quietanza,M
beleidigen,offendere,V
beleuchten,illuminare,V
beliebt,amato,A
belohnen,grafificare,V
bemerken,notare,V
bemühen,impegnarsi per,V
benachrichtigen,avvisare,V
benehmen,comportarsi,V
beneiden,invidiare,V
benötigen,avere bisogno,V
benützen,usare,V
benzin,benzina,N
beobachten,osservare,V
bequem,comodo,A
beraten,consigliare,V
berechnen,computare,V
Berechtigung,autorizzazione,F
Bereich,settore,M
bereit,pronto,G
bereuen,pentirsi,V
Berg,montagna,M
Bericht,rapporto,M
berücksichtigen,considerare,V
Beruf,professione,M
beruhigen,calmare,V
berühmt,famoso,G
beschädigen,danneggiare,V
beschaffen,procurare,V
beschäftigen,impiegare,V
beschäftigen,occuparsi,V
bescheiden,modesto,G
beschleunigen,accelerare,V
beschließen,decidere,V
beschränken,limitare,V
beschreiben,descrivere,V
beschuldigen,accusare,V
beschützen,proteggere,V
beschweren,lamentarsi,V
Besen,scopa,M
besetzt,occupato,G
Besitz,possesso,M
besonders,speciale,A
besorgen,procurare,V
besorgen,procurarsi,V
Besorgnis,preoccupazione,F
besprechen,discutere,V
besser,meglio,A
Bestand,scorta,M
bestätigen,confermare,V
bestellen,ordinare,V
beteiligen,partecipare,V
betonen,enfatizzare,V
beträchtlich,considerevole,G
Betrag,importo,M
betreffen,riguardare,V
betreten,entrare,V
Betrieb,azienda,M
betrügen,ingannare,V
betrunken,ubriaco,G
Bett,letto,N
beunruhigen,inquietare,V
beurteilen,giudicare,V
Bevölkerung,popolazione,F
bevor,prima,A
bewachen,sorvegliare,V
bewegen,muovere,V
beweisen,provare,V
bewerben,candidarsi,V
Bewerbung,candidatura,F
bewilligen,autorizzare,V
Bewilligung,autorizzazione,F
bewirken,causare,V
bewundern,ammirare,V
bewusst,consapevole,G
bezahlen,pagare,V
bezeichnen,designare,V
beziehen,riferirsi,V
biegen,piegare,V
Bier,birra,N
Bild,immagine,N
bilden,formare,V
Bildung,istruzione,F
bisher,finora,A
bitte,per favore,A
bitten,pregare,V
bitter,amaro,G
blasen,soffiare,V
Blatt,foglia,N
blau,blu,G
blech,lamiera,N
blei,piombo,N
bleiben,restare,V
Blick,sguardo,M
blind,cieco,G
blitz,lampo,M
blond,biondo,G
blume,fiore,F
Bluse,camicetta,F
Blut,sangue,N
Boden,suolo,M
Bodenschätze,risorse,N
bohren,forare,V
Boot,barca,N
boshaft,cattivo,G
Branche,settore,F
braten,friggere,V
brauchen,avere bisogno,V
braun,marrone,G
brav,bravo,G
brechen,rompere,V
breit,largo,G
bremsen,frenare,V
brennen,bruciare,V
Brett,asse,N
Briefmarke,francobollo,F
Brille,occhiali,F
bringen,portare,V
Brot,pane,N
Brötchen,panino,N
Brücke,ponte,F
Bruder,fratello,M
Brunnen,pozzo,M
Brust,petto,F
Buch,libro,N
buchen,prenotare,V
Buche,faggio,F
Buchse,presa,F
Buchstabe,lettera,M
buchstabieren,compitare,V
Büch,libretto,F
bügeln,stirare,V
Bühne,palcoscenico,F
Bund,federazione,M
Burg,castello,F
Bürger,cittadino,M
Bürgermeister,sindaco,M
Büro,ufficio,N
Bürste,spazzola,F
Bus,autobus,M
Busch,cespuglio,M
Buße,multa,F
Butter,burro,F
Chance,occasione,F
Charakter,carattere,M
Chef,capo,M
Chefin,capo,F
Chemie,chimica,F
Chirurg,chirurgo,M
Chirurgie,chirurgia,F
Computer,computer,M
Cousin,cugino,M
Dach,tetto,N
Dackel,bassotto,M
dadurch,quindi,A
dafür,per questo,A
dagegen,contro,A
dahin,lì,A
dahinter,dietro,A
damals,allora,A
Dame,signora,F
Dampf,vapore,M
danken,ringraziare,V
dankbar,riconoscente,G
dann,poi,A
daran,su,A
darauf,dopodiché,A
darum,per questo,A
Darm,intestino,M
Darum,motivo,M
Datum,data,N
dauern,durare,V
Dauer,durata,F
davon,da,A
davor,davanti,A
dazwischen,In mezzo,A
Decke,coperta,F
Deckel,coperchio,M
denken,pensare,V
denn,poiché,A
deshalb,perciò,A
deswegen,quindi,A
desto,tanto,A
deutlich,chiaro,G
deutsch,tedesco,G
Dichter,poeta,M
Gedicht,poesia,N
dick,grosso,G
Dieb,ladro,M
Diebstahl,furto,M
Dienst,servizio,M
Dienstleistung,prestazione,F
Dienstreise,viaggio,F
dies,questo,G
dieser,questo,G
dieses,questo,G
Ding,cosa,N
Dingsda,coso,N
Direktor,direttore,M
Direktorin,direttrice,F
diskutieren,discutere,V
doch,però,A
Doktor,dottore,M
Dokument,documento,N
Donner,tuono,M
Gewitter,temporale,N
Donnerstag,giovedì,M
doppelt,doppio,G
Dorf,villaggio,N
Dorn,spina,M
dornig,spinoso,G
Dose,lattina,F
Dosentelefon,citofono,N
Draht,filo,M
dreckig,sporco,G
Dreck,sporcizia,M
drehen,girare,V
Drehzahl,giro,F
drin,dentro,A
drohen,minacciare,V
Drohung,minaccia,F
Druck,stampa,M
drucken,stampare,V
Drucker,stampante,M
Druckerei,tipografia,F
drüben,di là,A
drücken,premere,V
drunter,sotto,A
drüber,sopra,A
dumm,stupido,G
dunkel,scuro,G
Dunkelheit,oscurità,F
Gleichgewicht,equilibrio,N
Gleis,binario,N
Glied,membro,N
Grab,tomba,N
Gras,erba,N
Haar,capello,N
Handtuch,asciugamano,N
Handy,cellulare,N
Harz,resina,N
Haus,casa,N
Hauschuh,ciabatta,M
Heft,quaderno,N
Hemd,camicia,N
Heu,fieno,N
Hieb,colpo,M
Holz,legno,N
Horn,corno,N
Hotel,hotel,N
Internet,internet,N
Kalb,vitello,N
Kind,bambino,N
Kinn,mento,N
Kino,cinema,N
Knie,ginocchio,N
Mitleid,compassione,N
Mittel,mezzo,N
Moor,palude,N
Museum,museo,N
Muster,motivo,N
Durst,sete,M
Grad,grado,M
Grund,fondamento,M
Gummi,gomma,M
Gürtel,cintura,M
Gutschein,buono,M
Hals,collo,M
Hammer,martello,M
Handel,commercio,M
Hang,pendio,M
Harn,urina,M
Hass,odio,M
Haushalt,economia domestica,M
Hebel,leva,M
Heck,poppa,N
Herbst,autunno,M
Hinweis,indicazione,M
Hof,corte,M
Horizont,orizzonte,M
Hubschrauber,elicottero,M
Hügel,collina,M
Hund,cane,M
Hunger,fame,M
Husten,tosse,M
Ingenieur,ingegnere,M
Inhalt,contenuto,M
Kabel,cavo,N
Kaffee,caffè,M
Käfig,gabbia,M
Kalender,calendario,M
Kamm,pettine,M
Kampf,lotta,M
Kanal,canale,M
Kanister,tanica,M
Käpt’n,capitano,M
Käse,formaggio,M
Kasten,scatola,M
Käufer,acquirente,M
Kindergarten,asilo,M
Kiosk,chiosco,M
Knall,scoppio,M
Knick,piega,M
Knochen,osso,M
Knopf,bottone,M
Koch,cuoco,M
Koffer,valigia,M
Kollaps,collasso,M
Kollege,collega,M
Mittag,mezzogiorno,M
Mittwoch,mercoledì,M
Moment,momento,M
Monat,mese,M
Mond,luna,M
Montag,lunedì,M
Mord,omicidio,M
Morgen,mattino,M
Müll,spazzatura,M
Mund,bocca,M
Musiker,musicista,M
Muskel,muscolo,M
Nabel,ombelico,M
Nachbar,vicino,M
Nachmittag,pomeriggio,M
Nacken,nuca,M
Nagel,unghia,M
Name,nome,M
Neffe,nipote,M
Glocke,campana,F
Gnade,grazia,F
Grenze,confine,F
Gruppe,gruppo,F
Haltestelle,fermata,F
Hand,mano,F
Handtasche,borsetta,F
Hauptschule,scuola secondaria,F
Hausfrau,casalinga,F
Haut,pelle,F
Heimat,patria,F
Heizung,riscaldamento,F
Herkunft,origine,F
Heuschrecke,cavalletta,F
Hilfe,aiuto,F
Hitze,calore,F
Hochzeit,matrimonio,F
Höflichkeit,cortesia,F
Hölle,inferno,F
Hose,pantaloni,F
Hütte,capanna,F
Idee,idea,F
Industrie,industria,F
Information,informazione,F
Insel,isola,F
Kabine,cabina,F
Kälte,freddo,F
Kamera,fotocamera,F
Kanne,brocca,F
Kante,bordo,F
Karotte,carota,F
Karte,carta,F
Kartoffel,patata,F
Kasse,cassa,F
Kaution,cauzione,F
Kette,collana,F
Kinnlade,mandibola,F
Kirche,chiesa,F
Kirsche,ciliegia,F
Kiste,cassetta,F
Klingel,campanello,F
Klinik,clinica,F
Klinke,maniglia,F
Kohle,carbone,F
Kombination,combinazione,F
Mitte,centro,F
Mitteilung,comunicazione,F
Mitternacht,mezzanotte,F
Mücke,zanzara,F
Müdigkeit,stanchezza,F
Mühe,sforzo,F
Mündung,foce,F
Münze,moneta,F
Muschel,conchiglia,F
Mutter,madre,F
Mütze,berretto,F
Nachricht,notizia,F
Nähe,vicinanza,F
Nase,naso,F
Neuigkeit,novità,F
Niederlage,sconfitta,F
Niere,rene,F
dünn,magro,G
durch,attraverso,A
durcheinander,confuso,A
durchfallen,bocciare,V
durchführbar,realizzabile,G
Durchmesser,diametro,M
Durchreise,transito,F
Durchsage,annuncio,F
Durchschnitt,media,M
durchsuchen,perquisire,V
dürfen,potere,V
dürr,secco,G
Dürre,siccità,F
Durst,sete,M
Dusche,doccia,F
duschen,farsi la doccia,V
Dutzend,dozzina,N
eben,appena,A
Ebene,pianura,F
ebenfalls,anche,A
echt,autentico,G
Effekt,effetto,M
effektiv,efficace,G
egal,indifferente,G
ehe,matrimonio,C
Ehefrau,moglie,F
Ehemann,marito,M
Ehre,onore,F
ehrlich,onesto,G
eichen,tarlare,V
Eid,giuramento,M
eifersüchtig,geloso,G
eigen,proprio,G
eigenartig,strano,G
Eigenschaft,caratteristica,F
eigentlich,in realtà,A
eignen,essere adatto,V
eilen,affrettarsi,V
Eimer,secchio,M
einbauen,installare,V
einbiegen,svoltare,V
einbilden,immaginarsi,V
Einblick,intuizione,M
einbrechen,scassinare,V
Einbrecher,scassinatore,M
Einbruch,effrazione,M
Einfall,idea,M
einfallen,venire in mente,V
einflößen,instillare,V
einführen,introdurre,V
Einführung,introduzione,F
Eingang,ingresso,M
Eingangstür,porta d’ingresso,F
eingeben,inserire,V
Eingeständnis,ammissione,N
eingreifen,intervenire,V
einhalten,rispettare,V
einig,unito,G
einigen,accordarsi,V
Einkauf,acquisto,M
einkaufen,fare la spesa,V
Einkommen,reddito,N
einladen,invitare,V
einnehmen,assumere,V
einpacken,impacchettare,V
einräumen,concedere,V
einsam,solo,G
einschalten,accendere,V
Einschaltzeit,tempo di accensione,F
einschlafen,addormentarsi,V
einschließen,includere,V
einschließen,rinchiudere,V
einschmelzen,fondere,V
einsenden,inviare,V
einsitzen,essere detenuto,V
einsortieren,classificare,V
einteilen,suddividere,V
eintragen,registrare,V
eintreffen,arrivare,V
eintreten,entrare,V
Eintritt,ingresso,M
Eintrittskarte,biglietto d’ingresso,F
Einverständnis,consenso,N
Einwand,obiezione,M
einwandfrei,perfetto,G
einwilligen,acconsentire,V
Einwohner,abitante,M
einzahlen,versare,V
Einzelheit,dettaglio,F
einzeln,singolo,G
einzig,unico,G
Einzug,trasloco,M
Eis,ghiaccio,N
Eisen,ferro,N
Eisenbahn,ferrovia,F
Eiskasten,frigorifero,M
Eiswürfel,cubetto di ghiaccio,M
elektrisch,elettrico,G
Elektrizität,elettricità,F
Element,elemento,N
Elend,miseria,N
Elfmeter,rigore,M
empfangen,ricevere,V
Empfänger,ricevente,M
empfehlen,raccomandare,V
empfinden,percepire,V
empfindlich,sensibile,G
Empfindung,sensazione,F
empören,indignarsi,V
Ende,fine,N
endlich,finalmente,A
eng,stretto,G
Engel,angelo,M
Enkel,nipote,M
enormen,enorme,G
Ensemble,insieme,N
entbehren,fare a meno,V
entdecken,scoprire,V
entfliehen,fuggire,V
Entführung,rapimento,F
entgegennehmen,accettare,V
Entgelt,compenso,N
enthalten,contenere,V
entladen,scaricare,V
entlassen,licenziare,V
entlaufen,fuggire,V
entnehmen,prelevare,V
entscheiden,decidere,V
Entscheidung,decisione,F
entschließen,decidersi,V
entschuldigen,scusarsi,V
Entschuldigung,scusa,F
entsetzlich,terribile,G
entspannen,rilassarsi,V
entsprechen,corrispondere,V
entstehen,nascere,V
enttäuschen,deludere,V
entweder,o,C
entwickeln,sviluppare,V
Entwurf,progetto,M
Entzündung,infiammazione,F
Erbe,eredità,N
Erbin,erede,F
erbrechen,vomitare,V
Erdbeere,fragola,F
Erdbeschoss,piano terra,N
Erde,terra,F
ereignen,accadere,V
Erfahrung,esperienza,F
erfinden,inventare,V
Erfolg,successo,M
erfroren,congelato,G
erfüllen,soddisfare,V
ergänzen,aggiungere,V
Ergebnis,risultato,N
erhalten,ricevere,V
erheben,alzare,V
erkennen,riconoscere,V
erklären,spiegare,V
erkranken,ammalarsi,V
erkundigen,informarsi,V
erlauben,permettere,V
Erlaubnis,permesso,F
erleben,vivere,V
Erlebnis,esperienza,N
erledigen,sbrigare,V
erleichtern,alleviare,V
ermächtigen,autorizzare,V
Ermäßigung,sconto,F
ermöglichen,rendere possibile,V
ernennen,nominare,V
erneuern,rinnovare,V
Ernte,raccolto,F
eröffnen,aprire,V
erpressen,ricattare,V
erproben,sperimentare,V
Erreger,agente patogeno,M
erschöpft,esausto,G
erschrecken,spaventarsi,V
ersetzen,sostituire,V
erst,solo,A
erstaunt,sorpreso,G
erster,primo,G
erstrecken,estendersi,V
erteilen,concedere,V
Ertrag,rendimento,M
ertragen,sopportare,V
ertrinken,annegare,V
Erwachsene,adulto,M
erwarten,aspettare,V
erwerben,acquisire,V
erwünscht,desiderato,G
erzählen,raccontare,V
Erziehung,educazione,F
essen,mangiare,V
etwa,circa,A
euch,voi,P
euer,vostro,P
eures,del vostro,P
ewig,eterno,G
Fabrik,fabbrica,F
Fachmann,esperto,M
Faden,filo,M
fähig,capace,G
Fahne,bandiera,F
fahren,guidare,V
Fahrer,autista,M
Fahrkarte,biglietto,F
Fahrrad,bicicletta,N
Fahrzeug,veicolo,N
Fall,caduta,M
fallen,cadere,V
fällig,esigibile,G
falsch,sbagliato,G
Falte,piegatura,F
familiär,familiare,G
Familie,famiglia,F
fangen,prendere,V
Fantasie,fantasia,F
Farbe,colore,F
färben,colorare,V
Fass,botte,N
fassen,afferrare,V
fast,quasi,A
faul,pigro,G
Faulheit,pigrizia,F
Februar,febbraio,M
Fehler,errore,M
fehlerhaft,difettoso,G
Feierabend,fine del lavoro,M
Feiertag,giorno festivo,M
feige,vigliacco,G
fein,fine,G
Feind,nemico,M
Feld,campo,N
Fels,roccia,M
Fenster,finestra,N
Ferne,distanza,F
Fernsehen,televisione,N
fernsehen,guardare la TV,V
Fernseher,televisore,M
fernsteuern,telecomandare,V
fertig,pronto,G
fest,fisso,G
festbinden,legare,V
festhalten,trattenere,V
feststehen,essere certo,V
fett,grasso,G
Feuchtigkeit,umidità,F
Feuer,fuoco,N
Feuerwehr,vigili del fuoco,F
Fieber,febbre,N
Figur,figura,F
Film,film,M
filtern,filtrare,V
finden,trovare,V
Finger,dito,M
Finsternis,oscurità,F
Firma,azienda,F
Fisch,pesce,M
flach,piatto,G
Fläche,superficie,F
Fleck,macchia,M
Fleisch,carne,N
Fliege,mosca,F
fliegen,volare,V
Flirt,flirt,M
Flöte,flauto,F
Fluch,maledizione,M
fluchen,bestemmiare,V
Flug,volo,M
Flughafen,aeroporto,M
Flugzeug,aeroplano,N
Fluss,fiume,N
Flut,inondazione,F
folgen,seguire,V
folglich,quindi,A
fordern,richiedere,V
Förderung,promozione,F
forschen,fare ricerca,V
Forschung,ricerca,F
fortschreiten,progredire,V
Fortschritt,progresso,M
fragen,chiedere,V
Frau,donna,F
Fräulein,signorina,F
frech,sfacciato,G
frei,libero,G
Freiheit,libertà,F
Freitag,venerdì,M
fremd,straniero,G
Freude,gioia,F
freuen,rallegrarsi,V
Freund,amico,M
Freundin,amica,F
freundlich,gentile,G
Frieden,pace,M
Friseur,parrucchiere,M
froh,contento,G
Frosch,rana,M
Frost,gelo,M
Frucht,frutto,F
früh,presto,A
früher,prima,A
Frühjahr,primavera,N
Frühstück,colazione,N
führen,condurre,V
Führer,guida,M
Führerschein,patente,M
fünfte,quinta,G
fünfter,quinto,G
fünfzehn,quindici,G
fünfzig,cinquanta,G
Funke,scintilla,M
Furcht,paura,F
fürchten,temere,V
Fuß,piede,M
Fußball,calcio,M
Fußboden,pavimento,M
Fußgänger,pedone,M
Gabel,forchetta,F
gähnen,sbadigliare,V
Gang,corridoio,M
Gans,oca,F
Gänse,oche,F
gar,affatto,A
garen,cuocere,V
Garten,giardino,M
Gärtner,giardiniere,M
Gärtnerin,giardiniera,F
Gas,gas,N
Gast,ospite,M
Gastfreundschaft,ospitalità,F
Gasthaus,locanda,N
Gasthof,albergo,M
Gasthörer,uditore ospite,M
Gatte,marito,M
Gattin,moglie,F
Gebäck,pasticcino,N
geben,dare,V
Gebet,preghiera,N
Gebiet,regione,N
Gebirge,catena montuosa,N
Gebrauch,uso,M
Gebühr,tassa,F
Geburt,nascita,F
Geburtstag,compleanno,M
Gedächtnis,memoria,N
Gedanke,pensiero,M
Geduld,pazienza,F
geeignet,adatto,G
Gefahr,pericolo,F
gefährdet,in pericolo,G
Gefallen,favore,M
Gefängnis,prigione,N
Gefäß,vaso,N
Geflügel,pollame,N
Gefühl,sentimento,N
gegen,contro,C
Gegend,zona,F
gegenseitig,reciprocamente,G
Gegenstand,oggetto,M
Gegenteil,contrario,N
gegenüber,di fronte,A
Gegenwart,presente,F
geglaubt,creduto,G
Gehalt,stipendio,M
Gehäuse,involucro,N
geheim,segreto,G
Geheimnis,segreto,N
Gehirn,cervello,N
Gehör,udito,N
gehorsam,ubbidiente,G
geirrt,sbagliato,G
Geist,spirito,M
Gelände,area,N
gelangen,arrivare,V
gelassen,tranquillo,G
gelb,giallo,G
Geld,denaro,N
Gelegenheit,occasione,F
Gelenk,articolazione,N
Gemisch,miscela,N
Gemüse,verdura,N
gemütlich,accogliente,G
genau,esatto,G
genehmigen,autorizzare,V
Generation,generazione,F
genießen,godere,V
genug,abbastanza,A
Gerät,dispositivo,N
geräumig,spazioso,G
gerecht,giusto,G
Gericht,tribunale,N
gern,volentieri,A
Geruch,odore,M
Gerüst,impalcatura,N
Gesamt,totale,G
geschehen,accadere,V
Geschenk,regalo,N
Geschichte,storia,F
Geschirr,stoviglie,N
Geschlecht,sesso,N
Geschmack,gusto,M
Geschöpf,creatura,N
Geschwister,fratelli,N
Gesetz,legge,N
Gesetzgeber,legislatore,M
Gesetzgebung,legislazione,F
Gesicht,viso,N
Gespenst,fantasma,N
Gespräch,conversazione,N
Gestalt,forma,F
gestalten,modellare,V
gestanden,ammesso,G
Geständnis,confessione,N
gestern,ieri,A
gesund,sano,G
Getränk,bevanda,N
Gewähr,garanzia,F
Gewährleistung,garanzia,F
Gewerbe,artigianato,N
Gewinn,profitto,M
gewinnen,vincere,V
Gewissen,coscienza,N
Gewitter,temporale,N
Gewohnheit,abitudine,F
gewöhnlich,di solito,G
gewürzt,speziato,G
Gift,veleno,N
giftig,velenoso,G
Glas,vetro,N
gläsern,di vetro,G
glatt,liscio,G
Glätte,scivolosità,F
glauben,credere,V
gleich,uguale,G
gleichen,assomigliare,V
Gleichgewicht,equilibrio,N
gleichmäßig,regolare,G
gleichzeitig,contemporaneamente,A
Gleis,binario,N
gleiten,scivolare,V
Gletscher,ghiacciaio,M
Glied,membro,N
Glocke,campana,F
Glück,fortuna,N
glücklich,felice,G
Glückwünsche,auguri,F
Gnade,grazia,F
gnädig,gentile,G
Gott,Dio,M
Gottesdienst,messa,M
göttlich,divino,G
Grad,grado,M
Gramm,grammo,N
Gras,erba,N
grau,grigio,G
grausam,crudele,G
greifen,afferrare,V
Grenze,confine,F
groß,grande,G
Größe,dimensione,F
Großeltern,nonni,F
Großmutter,nonna,F
grün,verde,G
Grund,motivo,M
gründen,fondare,V
Gruppe,gruppo,F
grüßen,salutare,V
Gummi,gomma,M
günstig,favorevole,G
Gurt,cintura,M
Gürtel,cintura,M
gut,buono,G
Güte,bontà,F
Güter,beni,N
Gutschein,buono regalo,M
Haar,capello,N
Haare,capelli,N
haben,avere,V
Hafen,porto,M
Haft,custodia,F
Haftpflicht,responsabilità civile,F
Hahn,gallo,M
Hähnchen,pollo,N
Hälfte,metà,F
Hals,collo,M
halten,tenere,V
Hammer,martello,M
Hand,mano,F
Hände,mani,F
Handel,commercio,M
Handschuh,guanto,M
Handtasche,borsa,F
Handy,cellulare,N
Hang,pendio,M
hängen,appendere,V
harmlos,innocuo,G
Harn,urina,M
hart,duro,G
Harz,resina,N
Hass,odio,M
hassen,odiare,V
hässlich,brutto,G
häufig,frequente,G
Haupt,principale,N
Hauptschule,scuola secondaria,F
Haus,casa,N
Haushalt,economia domestica,M
Haushälterin,governante,F
Hausschlüssel,chiave di casa,M
heben,sollevare,V
Heft,quaderno,N
heftig,violento,G
heilen,guarire,V
heilig,santo,G
Heimat,patria,F
heimlich,segreto,G
heiser,rauca,G
heiß,caldo,G
heißen,chiamarsi,V
heizen,riscaldare,V
Heizung,riscaldamento,F
Held,eroe,M
helfen,aiutare,V
hell,chiaro,G
Helm,casco,M
Hemd,camicia,N
her,qui,A
heraus,fuori,A
Herbst,autunno,M
herbstlich,autunnale,G
Herkunft,origine,F
herrlich,splendido,G
herstellen,produrre,V
herum,intorno,A
herunter,giù,A
Herz,cuore,N
Heu,fieno,N
heulen,ululare,V
heute,oggi,A
heutig,odierno,G
Hilfe,aiuto,F
hilflos,indifeso,G
hilfreich,utile,G
hilfsbereit,disponibile,G
Himmel,cielo,M
hin,là,A
hinaus,fuori,A
hindern,impedire,V
Hindernis,ostacolo,N
hindurch,attraverso,A
hinein,dentro,A
hingehen,andare,V
hinten,dietro,A
hinter,dietro,C
hinterher,dopo,A
hinunter,in basso,A
Hinweis,indicazione,M
hinweisen,indicare,V
hinzufügen,aggiungere,V
Hitze,calore,F
hoch,alto,G
Hochhaus,grattacielo,N
Hochzeit,matrimonio,F
Hof,corte,M
hoffen,sperare,V
Hoffnung,speranza,F
höflich,educato,G
Höflichkeit,educazione,F
hohl,vuoto,G
holen,prendere,V
Hölle,inferno,F
Holz,legno,N
Honig,miele,M
hören,sentire,V
Horizont,orizzonte,M
Horn,corno,N
Hose,pantaloni,F
Hotel,hotel,N
hübsch,carino,G
Hubschrauber,elicottero,M
Huefte,anca,F
Hügel,collina,M
Humor,umorismo,M
Hund,cane,M
hundert,cento,G
Hundewetter,tempo da cani,N
Hunger,fame,M
hungrig,affamato,G
Husten,tosse,M
Hütte,capanna,F
ich,io,P
Idee,idea,F
Idiot,idiota,M
ihm,a lui,P
ihn,lui,P
ihnen,a loro,P
ihr,lei,P
ihres,suo,P
immer,sempre,A
impfen,vaccinare,V
in,in,C
Industrie,industria,F
Information,informazione,F
Ingenieur,ingegnere,M
Inhalt,contenuto,M
inner,interno,G
Insel,isola,F
installieren,installare,V
intelligent,intelligente,G
Intelligenz,intelligenza,F
interessant,interessante,G
interessieren,interessarsi,V
international,internazionale,G
Internet,internet,N
irgend,qualche,A
irgendein,qualche,G
irgendwann,prima o poi,A
irgendwer,qualcuno,P
irgendwo,da qualche parte,A
irren,sbagliarsi,V
ja,sì,C
Jacke,giacca,F
Jäger,cacciatore,M
Jahr,anno,N
jährlich,annuale,G
jähzornig,irascibile,G
jammern,lamentarsi,V
Januar,gennaio,M
je,per,A
jede,ogni,G
jeder,ogni,G
jedes,ogni,G
jemand,qualcuno,P
jetzt,adesso,A
Jucken,prurito,N
jucken,prudere,V
jüdisch,ebraico,G
Jugend,gioventù,F
Jugendliche,giovane,F
Jugendlicher,giovane,M
Juli,luglio,M
Junge,ragazzo,M
Juwel,gioiello,N
Juwelen,gioielli,F
Kabel,cavo,N
Kabine,cabina,F
Kachel,piastrella,N
Käfer,scarabeo,M
Kaffee,caffè,M
Käfig,gabbia,M
Kahl,calvo,G
Kalb,vitello,N
Kalbfleisch,carne di vitello,N
Kalender,calendario,M
Kälte,freddo,F
Kampf,lotta,M
kämpfen,combattere,V
Kaninchen,coniglio,N
Kanne,brocca,F
Kapitel,capitolo,N
Kapuze,cappuccio,F
Karotte,carota,F
Karte,carta,F
Kartoffel,patata,F
Karton,cartone,M
Käse,formaggio,M
Kasse,cassa,F
Kasten,scatola,M
Katalog,catalogo,M
Katze,gatto,F
kaufen,comprare,V
Kaufhaus,grande magazzino,N
kaum,a malapena,A
Keller,cantina,M
Kellner,cameriere,M
kennen,conoscere,V
Kenntnis,conoscenza,F
Kenntnisse,conoscenze,F
Kern,nocciolo,M
Kerze,candela,F
Kessel,calderone,M
Kette,collana,F
Kilogramm,chilogrammo,N
Kind,bambino,N
Kindergarten,asilo,M
Kinderwagen,passeggino,M
Kindesalter,infanzia,N
Kindheit,infanzia,F
Kinn,mento,N
Kino,cinema,N
Kiosk,chiosco,M
Kirche,chiesa,F
Kirsche,ciliegia,F
Kirschmarmelade,marmellata di ciliegie,F
Kissen,cuscino,N
Kiste,scatola,F
klagen,lamentarsi,V
Klappe,sportello,F
klappen,funzionare,V
klar,chiaro,G
Klarheit,chiarezza,F
Klartext,linguaggio chiaro,M
kleben,incollare,V
Kleber,colla,M
Klebstoff,colla,M
Kleid,vestito,N
klein,piccolo,G
Klempner,idraulico,M
klettern,arrampicarsi,V
Klingel,campanello,F
klingen,suonare,V
Klinik,clinica,F
Klinke,maniglia,F
klopfen,bussare,V
Kloster,monastero,N
klug,intelligente,G
Knall,scoppio,M
knapp,scarso,G
Knie,ginocchio,N
Kniescheibe,rotula,F
Knochen,osso,M
Knochenbruch,frattura,M
Koch,cuoco,M
kochen,cucinare,V
Koffer,valigia,M
Kognak,cognac,M
Kohle,carbone,F
Kollege,collega,M
Kollegin,collega,F
Kollision,collisione,F
Kombination,combinazione,F
kombinieren,combinare,V
komisch,strano,G
kommen,venire,V
Kompetenz,competenza,F
komplett,completo,G
Konflikt,conflitto,M
König,re,M
Königin,regina,F
Konkurrenz,concorrenza,F
konstruieren,costruire,V
Kontakt,contatto,M
Konto,conto,N
konzentrieren,concentrare,V
Kopf,testa,M
Kork,sughero,M
Korn,grano,N
Körner,chicchi,N
Körper,corpo,M
Korrektur,correzione,F
Korridor,corridoio,M
kostbar,prezioso,G
kosten,costare,V
Krach,rumore,M
Kraft,forza,F
kräftig,forte,G
Kragen,colletto,M
Krampf,crampo,M
krank,malato,G
Krankenhaus,ospedale,N
Krankenkasse,cassa malattia,F
Krankenversicherung,assicurazione sanitaria,F
Krankenwagen,ambulanza,M
krankgeschrieben,in congedo per malattia,G
Krankheit,malattia,F
Kräuter,erbe,F
Kredit,credito,M
Kreditkarte,carta di credito,F
Kreide,gesso,F
Kreis,cerchio,M
Kreuz,croce,N
Kreuzung,incrocio,F
kriechen,strisciare,V
Kritik,critica,F
Kritiker,critico,M
kühl,fresco,G
Kühlschrank,frigorifero,M
Kultur,cultura,F
Kummer,preoccupazione,M
Kunde,cliente,M
Kundin,cliente,F
Kunst,arte,F
Künstler,artista,M
Kunstwerk,opera d'arte,N
Kupplung,frizione,F
Kurs,corso,M
Kurve,curva,F
Kuss,bacio,M
Küsse,baci,M
küssen,baciare,V
Küste,costa,F
Küstenwache,guardia costiera,F
lächeln,sorridere,V
Lachen,risata,N
lächerlich,ridicolo,G
Lack,vernice,M
Laden,negozio,M
Läden,negozi,M
Lager,magazzino,N
Lampe,lampada,F
lang,lungo,G
lange,a lungo,A
Länge,lunghezza,F
langweilen,annoiarsi,V
langweilig,noioso,G
Lärm,rumore,M
lassen,lasciare,V
Laster,camion,M
Lastwagen,camion,M
laut,forte,G
Lautsprecher,altoparlante,M
leben,vivere,V
Leben,vita,N
lebendig,vivo,G
Lebensmittel,generi alimentari,N
Leber,fegato,F
lebhaft,vivace,G
lecken,leccare,V
lecker,delizioso,G
Leder,cuoio,N
ledig,single,G
leer,vuoto,G
Leere,vuoto,F
legen,mettere,V
Lehre,insegnamento,F
Lehrer,insegnante,M
Lehrerin,insegnante,F
Leiche,cadavere,F
leicht,leggero,G
Leichtigkeit,leggerezza,F
leiden,soffrire,V
Leidenschaft,passione,F
Leinwand,tela,F
leise,silenzioso,G
leisten,compiere,V
Leistung,prestazione,F
Leiter,scala,M
lesen,leggere,V
Licht,luce,N
lieb,caro,G
Liebe,amore,F
lieber,meglio,A
Lied,canzone,N
Lieferant,fornitore,M
liefern,fornire,V
liegen,essere sdraiato,V
Lineal,righello,N
Linie,linea,F
links,a sinistra,A
Linse,lente,F
Lippe,labbro,F
Liste,lista,F
Liter,litro,M
Lob,lode,N
loben,lodare,V
Loch,buco,N
Löffel,cucchiaio,M
logisch,logico,G
Lohn,salario,M
lohnen,valere la pena,V
löschen,cancellare,V
lösen,risolvere,V
Luft,aria,F
Lüge,bugia,F
lügen,mentire,V
Lust,desiderio,F
lustig,allegro,G
machen,fare,V
Macht,potere,F
mächtig,potente,G
Mädchen,ragazza,N
Magd,domestica,F
Magen,stomaco,M
mager,magro,G
Magnet,magnete,M
mahnen,ammonire,V
Mahnung,ammonimento,F
Mal,volta,N
mal,una volta,A
malen,dipingere,V
Mangel,mancanza,M
Mann,uomo,M
Mantel,cappotto,M
Mappe,cartella,F
Märchen,fiaba,N
Marke,marca,F
markieren,marcare,V
markiert,marcato,G
Markt,mercato,M
Marmelade,marmellata,F
Marmor,marmo,M
marschieren,marciare,V
marschiert,marciato,G
März,marzo,M
Masche,maglia,F
Maschine,macchina,F
Maß,misura,N
Masse,massa,F
Matratze,materasso,F
matt,opaco,G
Mauer,muro,F
Maus,topo,F
Maut,pedaggio,F
Mechaniker,meccanico,M
Medikament,medicinale,N
Meer,mare,N
Mehl,farina,N
mehr,più,A
Mehrheit,maggioranza,F
Meister,maestro,M
melden,annunciare,V
Meldung,notizia,F
Mensch,uomo,M
Menschen,persone,M
Menschheit,umanità,F
merken,notare,V
Messer,coltello,N
Metall,metallo,N
Meter,metro,M
Miete,affitto,F
mieten,affittare,V
Milch,latte,F
Million,milione,F
Millionen,milioni,F
Minderheit,minoranza,F
mitkommen,venire con,V
mitmachen,partecipare,V
mitnehmen,portare con sé,V
modern,moderno,G
mögen,piacere,V
möglich,possibile,G
müde,stanco,G
nach,dopo,C
nachdenken,riflettere,V
nachfragen,chiedere,V
nachfüllen,riempire di nuovo,V
nachholen,recuperare,V
nachlassen,diminuire,V
nachlässig,trascurato,G
nachmachen,copiare,V
nachträglich,successivo,G
nachweisen,dimostrare,V
nackt,nudo,G
nah,vicino,G
nähen,cucire,V
naiv,ingenuo,G
nass,bagnato,G
neben,accanto,C
nebenwirkung,effetto collaterale,F
neidisch,invidioso,G
nein,no,C
nennen,chiamare,V
nervös,nervoso,G
nett,gentile,G
neu,nuovo,G
neugierig,curioso,G
neulich,di recente,A
neun,nove,G
nicht,non,A
nichts,niente,A
nieder,giù,G
niedrig,basso,G
niemand,nessuno,P
niesen,starnutire,V
noch,ancora,A
Norden,nord,M
nördlich,settentrionale,G
normal,normale,G
Not,emergenza,F
Notar,notaio,M
Notausgang,uscita di emergenza,M
Notfall,caso d’emergenza,M
Notarzt,medico d’urgenza,M
notieren,annotare,V
nötig,necessario,G
Notizen,appunti,F
notwendig,necessario,G
November,novembre,M
nüchtern,sobrio,G
Nudel,pasta,F
Null,zero,F
Nummer,numero,F
Nuss,noce,F
nützen,servire,V
nutzen,usare,V
nützlich,utile,G
ober,superiore,G
oberer,superiore,G
Oberfläche,superficie,F
Oberkörper,torace,M
Oberschule,scuola superiore,F
Objekt,oggetto,N
Obst,frutta,N
oder,oppure,C
offen,aperto,G
Offenheit,franchezza,F
öffnen,aprire,V
oft,spesso,A
ohne,senza,C
Ohnmacht,svenimento,F
Ohr,orecchio,N
Oktober,ottobre,M
Öl,olio,N
Oma,nonna,F
Onkel,zio,M
Operation,operazione,F
Opfer,vittima,N
Optik,ottica,F
Orange,arancia,F
ordentlich,ordinato,G
Ordnung,ordine,F
Ordner,raccoglitore,M
Ort,luogo,M
Osten,est,M
östlich,orientale,G
Ozean,oceano,M
paar,alcuni,G
Paar,coppia,N
packen,imballare,V
verpacken,imballare,V
Paket,pacchetto,N
Palast,palazzo,M
Papierkorb,cestino,M
Papier,carta,N
Papiere,documenti,F
Paradies,paradiso,N
Paragraph,paragrafo,M
parken,parcheggiare,V
Parkplatz,parcheggio,M
Partei,partito,F
Partnerin,partner,F
Pass,passaporto,M
Passagier,passeggero,M
passieren,accadere,V
Patient,paziente,M
Pause,pausa,F
Pazifik,Pacifico,M
peinlich,imbarazzante,G
Pelz,pelliccia,M
perfekt,perfetto,G
Perlen,perle,F
Pfarrer,prete,M
Pfanne,padella,F
pfänden,pignorare,V
Pfanne,padella,F
pfeifen,fischiare,V
Pfeffer,pepe,M
Pfeife,pipa,F
Pfeil,freccia,M
Pferd,cavallo,N
reiten,cavalcare,V
Pflicht,dovere,F
Pfingsten,Pentecoste,N
Pflaume,prugna,F
pflanzen,piantare,V
Pflanze,pianta,F
Pflege,cura,F
pflücken,cogliere,V
Pflug,aratro,M
Pförtner,portiere,M
Phantasie,fantasia,F
Phase,fase,F
Pilz,fungo,M
Platte,disco,F
Platz,posto,M
plötzlich,improvvisamente,A
Polizei,polizia,F
Polizistin,poliziotta,F
Politik,politica,F
Politiker,politico,M
Pool,piscina,M
Port,porto,M
Porto,francobollo,N
Portion,porzione,F
Porzellan,porcellana,N
prächtig,splendido,G
praktisch,pratico,G
Prämie,premio,F
Praxis,studio medico,F
Präzision,precisione,F
präzise,preciso,G
Preise,prezzi,M
Preis,prezzo,M
Preissenkung,riduzione di prezzo,F
Presse,stampa,F
Prinzip,principio,N
probieren,provare,V
Problem,problema,N
Probe,prova,F
Produkt,prodotto,N
produzieren,produrre,V
Profit,profitto,M
Prognose,previsione,F
Programm,programma,N
programmieren,programmare,V
Projekt,progetto,N
Prospekt,depliant,M
Protest,protesta,M
Protokoll,verbale,N
protestieren,protestare,V
Provinz,provincia,F
provozieren,provocare,V
provisorisch,provvisorio,G
Prozent,percento,N
Prozess,processo,M
Prüfung,esame,F
prüfen,verificare,V
Pudel,barboncino,M
Puder,cipria,M
Pulver,polvere,N
Pumpe,pompa,F
Punkt,punto,M
Puppe,bambola,F
putzen,pulire,V
Quadrat,quadrato,N
quadratisch,quadrato,G
quälen,tormentare,V
Qualität,qualità,F
Quark,quark,M
Quiz,quiz,N
Quelle,fonte,F
quer,di traverso,A
quietschen,cigolare,V
Quittung,ricevuta,F
Quote,quota,F
Rabatt,sconto,M
Rachen,gola,M
Rad,ruota,N
Radiergummi,gomma da cancellare,M
Radio,radio,N
Rahmen,cornice,M
Rahm,panna,M
Rampe,rampa,F
Startrampe,rampa di lancio,F
Rand,margine,M
Rang,rango,M
rasen,correre,V
Rasen,prato,M
Rasierer,rasoio,M
rasieren,radersi,V
Rastplatz,area di sosta,M
Raststätte,autogrill,F
Ratte,ratto,F
raten,consigliare,V
Ratschlag,consiglio,M
Rätsel,indovinello,N
Rate,rata,F
rauchen,fumare,V
Rauch,fumo,M
Raum,spazio,M
reagieren,reagire,V
rechnen,calcolare,V
Rechnung,conto,F
Recht,diritto,N
gerecht,giusto,G
rechtfertigen,giustificare,V
rechts,a destra,A
Rechtsanwalt,avvocato,M
Rede,discorso,F
reden,parlare,V
Redaktion,redazione,F
Regal,scaffale,N
Regel,regola,F
Regenschirm,ombrello,M
Regierung,governo,F
Region,regione,F
regnen,piovere,V
Regen,pioggia,M
regen,stimolare,V
Reh,capriolo,N
reich,ricco,G
Reichtum,ricchezza,M
reif,maturo,G
Reifen,pneumatico,M
Reihe,fila,F
Reihenfolge,ordine,F
Reim,rima,M
Reis,riso,M
Reise,viaggio,F
Reisebüro,agenzia di viaggi,N
reisen,viaggiare,V
Reisepass,passaporto,N
Reiseleiter,guida turistica,F
reiten,cavalcare,F
reparieren,riparare,V
Reparatur,riparazione,M
Reservierung,prenotazione,F
reservieren,prenotare,V
Respekt,rispetto,M
Rettung,salvataggio,F
retten,salvare,V
Rezept,ricetta,N
Rezeption,reception,F
richten,dirigere,V
Richter,giudice,M
richtig,corretto,G
Richtung,direzione,F
Rind,bovino,N
Rindfleisch,carne di manzo,N
Ring,anello,M
Rock,gonna,M
Rippe,costola,F
Rockmusik,musica rock,F
Rockstar,rockstar,M
Rodung,disboscamento,F
roh,crudo,G
Rohr,tubo,N
Roller,monopattino,M
rollen,rotolare,V
Rollen,ruoli,F
Romantik,romanticismo,F
romantisch,romantico,G
Rose,rosa,F
Rosen,rose,F
Rost,ruggine,M
rosten,arrugginire,V
Rothaarige,persona dai capelli rossi,F
rot,rosso,G
Rücken,schiena,M
Rückfahrt,ritorno,F
Rückflug,ritorno,M
Rückgabe,restituzione,F
Rückkehr,ritorno,F
rückwärts,all’indietro,A
Ruf,chiamata,M
rufen,chiamare,V
ruhig,tranquillo,F
Ruhe,calma,G
ruhen,riposare,V
Ruhepause,pausa,F
Ruhestand,pensione,M
rührend,commovente,G
rühren,mescolare,V
Runde,giro,F
runter,giù,A
rutschen,scivolare,V
Rutsch,scivolamento,M
Saal,sala,M
Saat,seme,F
Sache,cosa,F
Sack,sacco,M
Säckel,borsellino,N
Sackgeld,paghetta,N
Saft,succo,M
sagen,dire,V
säen,seminare,V
Sahne,panna,F
Salat,insalata,M
salzig,salato,G
Samen,seme,M
Saatgut,seme,N
sammeln,raccogliere,V
Samstag,sabato,M
Samt,velluto,M
Sand,sabbia,M
sandig,sabbioso,G
sanft,gentile,G
Sänger,cantante,M
Sängerin,cantante,F
Sarg,bara,M
Satz,frase,M
Sättelung,sella,F
sauer,acido,G
Säure,acidità,F
saugen,succhiare,V
säugen,allattare,V
Säule,colonna,F
Säugetier,mammifero,N
Schacht,pozzo,M
Schaden,danno,M
schädlich,dannoso,G
Schaf,pecora,N
Schafwolle,lana di pecora,F
schaffen,creare,V
Schal,sciarpa,M
Schale,ciotola,F
Schalter,interruttore,M
Scham,vergogna,F
schämen,vergognarsi,V
scharf,piccante,G
Schatten,ombra,M
schattig,ombroso,G
Schauer,rovescio,G
Schaufel,pala,F
Schaufenster,vetrina,N
Schuh,scarpa,M
Scheck,assegno,M
Scheibe,disco,F
scheinen,sembrare,V
schenken,regalare,V
Scherbe,frammento,F
Schere,forbici,F
Scherz,scherzo,M
scherzen,scherzare,V
schieben,spingere,V
schief,storto,A
schießen,sparare,V
Schiff,nave,N
Schiffahrt,navigazione,F
Schilf,canna,N
Schimmel,muffa,M
schimpfen,rimproverare,V
Schinken,prosciutto,M
Brötchen,panino,N
Schirm,parapioggia,M
Schlange,serpente,F
Schlauch,tubo flessibile,M
schlau,furbo,A
schlecht,cattivo,A
Schleier,velo,M
schleifen,affilare,V
Schleim,muco,M
Schleinhaut,mucosa,F
schleppen,trascinare,V
Schlepper,rimorchiatore,M
Schluss,fine,M
schließen,chiudere,V
Schlimme,male,N
schlimm,brutto,A
Schlitten,slitta,M
Schloss,castello,N
Schluss,fine,M
Schluck,sorso,F
schlucken,ingoiare,A
schmal,stretto,G
schmecken,assaggiare,M
Schmerz,dolore,M
schmerzen,fare male,V
schmieren,spalmare,V
Schmuck,gioiello,M
Schmuckstück,gioiello,N
Schmuggler,contrabbandiere,M
schmuggeln,contrabbandare,V
schmutzig,sporco,G
Schnabel,becco,M
schnarchen,russare,V
schneiden,tagliare,V
Schnee,neve,M
schneien,nevicare,V
schnell,veloce,G
Schnitzel,cotoletta,N
schnitzen,intagliare,V
Schnupfen,raffreddore,M
schnupfen,soffiare il naso,V
schockieren,scioccare,V
Schock,shock,M
Schokolade,cioccolato,F
Schornstein,camino,M
Schrank,armadio,M
Schraube,vite,F
Schraubenschlüssel,chiave inglese,M
schrecklich,terribile,G
schreiben,scrivere,V
Schreiber,scrittore,M
Schrei,grido,M
Schriftlich,per iscritto,G
Schrift,scrittura,F
Schritt,passo,M
schrittweise,gradualmente,A
Schublade,cassetto,F
Schrott,rottame,M
schüchtern,timido,G
Schuh,scarpa,M
Schuhsenkel,laccio delle scarpe,M
Schuld,colpa,F
Schulden,debiti,F
schuld,colpevole,G
Schule,scuola,F
Schulbus,scuolabus,M
Schüler,studente,M
Schülerin,studentessa,F
Schultag,giorno di scuola,M
Schuppen,capanno,M
Schuss,colpo,M
Schürze,grembiule,F
Schüssel,ciotola,F
Schutz,protezione,M
schütten,versare,V
schütteln,scuotere,V
Schwager,cognato,M
Schwägerin,cognata,F
Schwamm,spugna,M
schwarz,nero,G
schweben,fluttuare,V
schweigen,tacere,V
Schweiß,sudore,M
Schweißnähte,giuntura saldata,F
Schweinefleisch,carne di maiale,N
Schwelle,soglia,F
schwer,pesante,G
Schwert,spada,N
Schwiegervater,suocero,M
Schwiegermutter,suocera,F
Schwierigkeit,difficoltà,F
Schwimmen,nuotare,N
Schwimmbad,piscina,N
Schwindel,vertigine,M
schwitzen,sudare,V
schwül,afoso,G
sechs,sei,G
sechste,sesto,G
sechzig,sessanta,G
sechzehn,sedici,G
See,mare,M
Seele,anima,F
Segel,vela,N
segeln,veleggiare,V
Sehnsucht,nostalgia,F
sehr,molto,G
Seife,sapone,F
Seil,corda,N
sein,essere,V
seit,da,A
seitdem,da allora,A
Seite,pagina,F
Sekretärin,segretaria,F
Sekretär,segretario,M
selbe,stesso,A
selbst,da solo,P
selbstverständlich,ovvio,G
selten,raramente,A
seltsam,strano,G
Semen,seme,M
senden,inviare,V
Senf,senape,M
Serie,serie,F
September,settembre,M
Service,servizio,M
Sessel,poltrona,M
Set,set,N
setzen,mettere,V
sich,sé,P
Sicht,vista,F
Sicherung,sicurezza,F
Sicherheitsgurt,cintura di sicurezza,M
sichtbar,visibile,G
Sieb,setaccio,N
sieben,sette,G
siebte,settimo,G
siebzig,settanta,G
Sieg,vittoria,M
siegen,vincere,V
Signal,segnale,N
Silber,argento,N
Silbe,sillaba,F
Silvester,San Silvestro,M
singen,cantare,V
sinken,affondare,V
Sinn,senso,M
Sitte,usanza,F
sitzen,sedere,V
Sitz,posto,M
Skifahren,sciare,N
Skizze,schizzo,F
Skandal,scandalo,M
so,così,A
sofort,subito,A
Socke,calzino,F
Sofa,divano,N
Sohn,figlio,M
Soldat,soldato,M
sollen,dovere,V
Sommer,estate,M
Sonne,sole,F
Sonnenaufgang,alba,M
Sonnenuntergang,tramonto,M
Sonntag,domenica,M
Sorte,tipo,F
sonst,altrimenti,A
sorgen,preoccuparsi,V
sorgfältig,accurato,A
sowie,nonché,A
sowieso,comunque,A
soziale,sociale,G
Spaß,divertimento,M
spazieren,passeggiare,V
Speichel,saliva,M
Spende,donazione,F
spenden,donare,V
Spender,donatore,M
Spiegel,specchio,M
Spiegelei,uovo al tegamino,N
spielen,giocare,V
Spieler,giocatore,M
Spielplatz,parco giochi,M
Spielzeug,giocattolo,N
Speise,pietanza,F
Speisekarte,menù,F
sperren,bloccare,V
spiegeln,riflettere,N
spielen,giocare,F
Spiel,gioco,M
Spinne,ragno,F
Spinat,spinaci,M
Spirale,spirale,F
Spitz,appuntito,G
Splitter,scheggia,M
Sport,sport,M
spötteln,prendere in giro,V
Sprach,linguistico,F
Sprache,lingua,F
sprechen,parlare,V
springen,saltare,V
Sprung,salto,M
spritzen,spruzzare,V
Spritze,siringa,F
spülen,sciacquare,V
Spule,bobina,F
spüren,percepire,V
Staat,stato,F
staatlich,statale,G
Stachel,spina,M
Stab,bastone,M
Stadt,città,F
städtisch,urbano,G
Stahl,acciaio,M
Stamm,ceppo,M
ständig,costante,G
Stand,stato,M
Stange,asta,F
Stängel,gambo,M
stapeln,impilare,V
stark,forte,G
Stärke,forza,F
starr,rigido,G
starten,partire,V
stattfinden,avere luogo,V
staunen,meravigliarsi,V
Staub,polvere,M
staubsauger,aspirapolvere,M
stauen,accumulare,V
stechen,pungere,V
stecken,infilare,V
stehen,stare in piedi,V
stehlen,rubare,V
steil,ripido,G
steinig,roccioso,G
Stelle,posto,F
Stern,stella,M
Sternbild,costellazione,N
Stempel,timbro,M
sterben,morire,V
Steuer,tassa,F
Steuerung,controllo,F
Steuergerät,centralina,N
Steuerhinterziehung,evasione fiscale,F
Steuerzahler,contribuente,M
Steuerung,controllo,F
Steuergerät,centralina,N
Steuerhinterziehung,evasione fiscale,F
Steuerzahler,contribuente,M
Steuerberater,consulente fiscale,M
Stich,puntura,M
Stiefel,stivale,M
Stiefmutter,matrigna,F
Stiefvater,padre adottivo,M
Stiel,gambo / manico,M
still,silenzioso,G
Still,allattamento,F
stillen,allattare,V
Stimme,voce,F
stimmen,essere giusto,V
Stimmung,atmosfera,F
stinken,puzzare,V
Stock,bastone,M
Stockwerk,piano,N
Stoff,stoffa,M
stolz,orgoglioso,G
stören,disturbare,V
Störung,disturbo,F
stoßen,urtare,V
Stoff,stoffa,M
Strafe,punizione,F
bestraft,punito,G
Strahl,raggio,M
Lichtstrahl,raggio di luce,M
Strand,spiaggia,M
Strauch,cespuglio,M
Straße,strada,F
Straßenbahn,tram,F
strecken,stendere,V
streichen,cancellare,V
streiten,litigare,V
streng,rigoroso,G
Strich,linea,M
Strick,corda,M
Stricknadel,ferro da maglia,F
Strom,corrente,M
Strumpf,calza,M
Strömung,corrente,F
Stück,pezzo,N
Stipendium,borsa di studio,N
Student,studente,M
studieren,studiare,V
studiert,ha studiato,G
Stufe,gradino,F
stumm,muto,G
stumpf,spento,G
Sturm,tempesta,M
stützen,sostenere,V
Süd,sud,M
südlich,meridionale,G
Summe,somma,F
Sumpf,palude,M
sündigen,peccare,V
Supermarkt,supermercato,M
System,sistema,N
Szene,scena,F
Tabelle,tabella,F
Tablette,compressa,F
Tal,valle,N
Takt,ritmo,M
Tank,serbatoio,M
Tanke,distributore di benzina,F
Tankstelle,stazione di servizio,F
tanken,fare rifornimento,V
Tante,zia,F
tapfer,coraggioso,G
tappen,camminare alla cieca,V
tatsächlich,infatti,A
Tat,atto,F
Täter,colpevole,M
Tatort,scena del crimine,M
Tatsache,fatto,F
tätig,attivo,G
Tätigkeit,attività,F
Tatto,tatuaggio,N
taub,sordo,G
tauchen,immergersi,V
Tausch,scambio,M
tauschen,scambiare,V
Taxi,taxi,N
Taxifahrer,tassista,M
Tee,tè,M
Teig,impasto,M
Teil,parte,N
Ersatzteil,pezzo di ricambio,N
teilen,dividere,V
Teilnahme,partecipazione,F
teilgenommen,partecipato,G
telefonieren,telefonare,V
telefoniert,telefonato,G
Teller,piatto,M
Teppich,tappeto,M
Terrasse,terrazza,F
Termin,appuntamento,M
Test,test,M
teuer,caro,G
teuflisch,diabolico,G
Theater,teatro,N
Thema,tema,N
Thermometer,termometro,N
Ticket,biglietto,N
tief,profondo,G
Tiefe,profondità,F
Tiger,tigre,M
Tisch,tavolo,M
Tipp,consiglio,M
Tochter,figlia,F
Tochtergesellschaft,società controllata,F
Tod,morte,M
tödlîch,mortale,G
Toilette,gabinetto,F
toll,fantastico,G
Tomate,pomodoro,F
Ton,suono,M
Topf,pentola,M
Tor,porta,N
Torte,torta,F
tot,morto,G
Tourist,turista,M
Tourismus,turismo,M
tragen,portare,V
Träne,lacrima,F
Transport,trasporto,M
Traube,uva,F
Traubensaft,succo d’uva,M
träumen,sognare,V
Traum,sogno,M
träumen,sognare,V
treffen,incontrare,V
treffen,incontrarsi,V
trennen,separare,V
Treppe,scala,F
treu,fedele,G
Treue,fedeltà,F
Trick,trucco,M
getrunken,bevuto,G
Trinkgeld,mancia,N
trocken,secco,G
Träne,lacrima (ripetuto),F
trotzdem,tuttavia,A
Trost,consolazione,M
trösten,consolare,V
Trumpf,asso,M
Tschüss,ciao,A
Tugend,virtù,F
tun,fare,V
Tür,porta,F
Türklinke,maniglia,F
Tüte,sacchetto,F
Turm,torre,M
typisch,tipico,G
U-Bahn,metropolitana,F
übel,nauseato,G
übel werden,sentirsi male,V
über,sopra,P
überarbeiten,rivedere,V
überbacken,gratinar,V
überfahren,investire,V
überfliegen,sorvolare,V
überfordert,sopraffatto,G
überfüllen,sovraffollare,V
überhaupt,affatto,A
überholen,sorpassare,V
überlassen,lasciare,V
überlegen,riflettere,V
überlegen,riflettere,V
überleben,sopravvivere,V
überlegen,riflessivo,G
überqueren,attraversare,V
überraschen,sorprendere,V
übersetzen,tradurre,V
übersichtlich,chiaro,G
überstehen,superare,V
übertragen,trasmettere,V
übertreiben,esagerare,V
übertrieben,esagerato,G
überwachen,sorvegliare,V
überweisen,fare un bonifico,V
überzeugt,convinto,G
überzeugen,convincere,V
üblich,consueto,G
üben,esercitare,V
geübt,esercitato,G
Übung,esercizio,F
Ufer,riva,N
Uhr,orologio,F
Uhrzeit,orario,F
um,intorno a,P
umarmen,abbracciare,V
umarmt,abbracciato,G
umbringen,uccidere,V
umgebracht,ucciso,G
umfahren,aggirare,V
umfassen,comprendere,V
Umfang,portata / estensione,M
umgehen,maneggiare / trattare,V
umgegangen,passato,G
umgeben,circondare,G
umgesehen,guardato intorno,G
umkehren,invertire la direzione,V
umgekehrt,contrario,G
umsteigen,cambiare mezzo,V
umgestiegen,cambiato mezzo,G
umtauschen,cambiare,V
umgetauscht,scambiato,G
umziehen,traslocare,V
umgezogen,traslocato,G
Umzug,trasloco,M
umwelt,ambiente,F
Umwelt,ambiente,F
unabhängig,indipendente,G
Unabhängigkeit,indipendenza,F
unangenehm,spiacevole,G
unartig,maleducato,G
unbegrenzt,illimitato,G
unbedingt,assolutamente,G
unbekannt,sconosciuto,G
unbequem,scomodo,G
unbeschreiblich,indescrivibile,G
unbewusst,inconsapevole,G
unbrauchbar,inutilizzabile,G
undankbar,ingrato,G
unschlüssig,indeciso,G
undeutlich,poco chiaro,G
unerreichbar,irraggiungibile,G
unerträglich,insopportabile,G
unfähig,incapace,G
unfreundlich,scortese,G
ungeduldig,impaziente,G
ungeeignet,inadatto,G
ungefähr,circa,A
ungefährlich,innocuo,G
ungeheuer,immenso,G
ungenau,impreciso,G
ungenügend,insufficiente,G
ungeschickt,maldestro,G
ungesund,malsano,G
unglaublich,incredibile,G
Unglück,sfortuna,N
unglücklich,infelice,G
ungültig,non valido,G
ungünstig,sfavorevole,G
Universität,università,F
unmittelbar,immediato,G
unmöglich,impossibile,G
unnötig,Inutile,G
unordentlich,disordinato,G
unpünktlich,non puntuale,G
unschuldig,innocente,G
unser,nostro,P
unsicher,insicuro,G
unsinnig,insensato,G
unter,sotto,P
unterbrechen,interrompere,V
unterdrücken,reprimere,V
unterhalb,al di sotto di,P
Unterführung,sottopassaggio,F
unterhalten,intrattenere,V
Unternehmen,azienda,N
unternehmen,intraprendere,V
Unterschied,differenza,M
unterscheiden,distinguere,V
unterschreiben,firmare,V
unterstützen,sostenere,V
Unterstützung,sostegno,F
untersuchen,esaminare,V
Untersuchung,esame,F
unterwegs,in viaggio,A
unverheiratet,non sposato,G
unvorstellbar,inimmaginabile,G
unwahrscheinlich,improbabile,G
unwichtig,irrilevante,G
unzufrieden,insoddisfatto,G
unzuverlässig,inaffidabile,G
Urlaub,vacanza,M
Ursache,causa,F
Urteil,giudizio,N
urteilen,giudicare,V
Vase,vaso,F
Blumenvase,vaso da fiori,F
Vater,padre,M
Großvater,nonno,M
Vene,vena,F
Ventil,valvola,N
Verarbeitung,lavorazione,F
verachten,disprezzare,V
verändern,cambiare,V
veranlassen,far fare,V
Veranstaltung,evento,F
Verantwortung,responsabilità,F
verbessern,migliorare,V
Verbot,divieto,N
verbrauchen,consumare,V
verbreiten,diffondere,V
verbringen,trascorrere,V
Verdacht,sospetto,M
verderben,rovinare,V
verdienen,guadagnare,V
verdunsten,evaporare,V
Verein,associazione,M
vereinbaren,accordare,V
verfallen,cadere in rovina,V
verfluchen,maledire,V
verführen,sedurre,V
vergeben,perdonare,V
vergehen,passare,V
vergleichen,confrontare,V
vergnügen,divertire,V
Vergnügen,divertimento,N
verhaften,arrestare,V
verhalten,comportarsi,V
Verhalten,comportamento,N
verhandeln,negoziare,V
verheiratet,sposato,G
verhindern,impedire,V
verhungern,morire di fame,V
verkaufen,vendere,V
Verkäufer,venditore,M
Verkehr,traffico,M
verklagen,fare causa,V
Verlag,editore,M
verlangen,richiedere,V
verlängern,prolungare,V
verlassen,abbandonare,V
verlässlich,affidabile,G
verlaufen,perdersi,V
verletzt,ferito,G
verleihen,prestare,V
verlieren,perdere,V
Verlust,perdita,M
vermeiden,evitare,V
vermieden,evitato,G
vermieten,affittare,V
vermietet,affittato,G
Vermögen,patrimonio,N
Vermittler,mediatore,M
vermutlich,probabilmente,A
vernachlässigen,trascurare,V
vernünftig,ragionevole,G
verordnen,prescrivere,V
verpasst,perso,G
verpflichten,obbligare,V
verraten,tradire,V
verrechnen,addebitare,V
verreisen,partire in viaggio,V
verrückt,pazzo,G
versagen,fallire,V
versammeln,riunire,V
versäumen,mancare,V
verschieben,rinviare,V
verschieden,diverso,G
verschlechtern,peggiorare,V
verschlucken,ingoiare,V
verschreiben,prescrivere,V
verschwenden,sprecare,V
verschwinden,sparire,V
versenden,inviare,V
Versand,spedizione,M
Versicherung,assicurazione,F
Verspätung,ritardo,F
verspäten,essere in ritardo,V
versprechen,promettere,V
Verstand,intelletto,M
verständigen,comunicare,V
verstärken,rafforzare,V
verstecken,nascondere,V
verstehen,capire,V
Versteher,colui che capisce,M
verstoßen,violare,V
versuchen,provare / tentare,V
Versuch,tentativo,M
vertreten,rappresentare,V
Vertrag,contratto,M
vertrauen,fidarsi,V
Vertreter,rappresentante,M
verursachen,causare,V
verwalten,amministrare,V
Verwaltung,amministrazione,F
verwandeln,trasformare,V
verwechseln,confondere,V
verwehen,spargere,V
verweigern,rifiutare,V
verwirklichen,realizzare,V
verwitwet,vedovo,G
verwöhnen,coccolare,V
verzichten,rinunciare,V
verzeihen,perdonare,V
verzichten,rinunciare,V
verzögern,ritardare,V
verzweifeln,disperarsi,V
viele,molti,P
viertel,quarto,N
Volk,popolo,N
Vogel,uccello,M
voll,pieno,G
vollständig,completo,G
Vollmond,plenilunio,M
von,da,P
vor,prima,P
vorbei,passato,A
vorbereiten,preparare,V
Vorbereitung,preparazione,F
Vorfahrt,precedenza,F
Vorgänger,predecessore,M
Vorgesetzte,superiore,M
vorhaben,intendere,V
Vorhang,tenda,M
Vorhersage,previsione,F
vorläufig,provvisorio,G
Vormittag,mattina,M
vormittags,mattutino,A
Vorrat,scorta,M
Vorsicht,attenzione,F
vorsichtig,attento,G
Vorschlag,proposta,M
vorschlagen,proporre,V
Vorspeise,antipasto,F
Vorstellung,presentazione,F
vorstellen,presentare,V
Vortrag,conferenza,M
vorwärts,avanti,A
Vorwort,prefazione,N
vorziehen,preferire,V
vorzüglich,eccellente,G
Waage,bilancia,F
wach,sveglio,G
wachsen,crescere,V
Waffe,arma,F
wagen,osare,V
Wahl,scelta,F
wählen,scegliere,V
wahnsinnig,folle,G
wahr,vero,G
während,durante,C
wahrnehmen,percepire,V
Wahrnehmung,percezione,F
wahrscheinlich,probabile,G
Wald,bosco,M
Währung,valuta,F
Wand,muro,F
Wandel,cambiamento,M
wandern,camminare,V
wann,quando,P
Ware,merce,F
Warenhaus,magazzino,N
warm,caldo,G
warnen,avvertire,V
warten,aspettare,V
warum,perché,P
was,cosa,P
Wäsche,bucato,F
waschen,lavare,V
Wasser,acqua,N
Wasserhahn,rubinetto,M
Watte,ovatta,F
Wechsel,cambio,M
Wecker,sveglia,M
weg,via,A
wegen,a causa,P
wegfahren,partire,V
weggehen,andarsene,V
weglaufen,fuggire,V
weh,dolore,G
wehtun,far male,V
weinen,piangere,V
wehtun,far male,V
wehren,difendersi,V
weigern,rifiutarsi,V
Weihnachten,Natale,N
weil,perché,C
Wein,vino,M
weiß,bianco,G
weiße,bianca,G
weißen,imbiancare,V
weiter,oltre,A
weiterfahren,proseguire,V
weitermachen,continuare,V
Welle,onda,F
wenden,girare,V
wenig,poco,A
wenigstens,almeno,A
wenn,se,C
werden,diventare,V
wer,chi,P
Werbung,pubblicità,F
werfen,lanciare,V
Werkstatt,officina,F
werktags,feriali,A
Werkzeug,attrezzo,N
Wert,valore,M
wertvoll,prezioso,G
wesentlich,essenziale,G
Wesen,essere,N
Wetter,tempo,N
Wettkampf,gara,M
wetten,scommettere,V
Wettbewerb,concorso,M
wichtig,importante,G
Widerstand,resistenza,M
widersprechen,contraddire,V
widerlich,ripugnante,G
wie,come,P
wieder,di nuovo,A
wiederholen,ripetere,V
Wiese,prato,F
wild,selvaggio,G
wildern,bracconare,V
willkommen,benvenuto,A
willkürlich,arbitrario,G
Wimper,ciglio,F
Wind,vento,M
Windel,pannolino,F
Winzer,viticoltore,M
Wirt,oste,M
wir,noi,P
wirklich,davvero,G
Wirbelsäule,colonna,F
wirken,agire,V
Wirklichkeit,realtà,F
Wirkung,effetto,F
Wirtschaft,economia,F
Abschluss,diploma,M
Witwe,vedova,F
Witz,barzelletta,M
Wochenende,fine-settimana,N
Woche,settimana,F
wöchentlich,settimanale,G
Wodka,vodka,M
Wohngemeinschaft,convivenza,F
Wohnung,appartamento,F
Wohnheim,studentato,N
wohnen,abitare,V
Wolke,nuvola,F
wollen,volere,V
Wort,parola,N
Wörterbuch,dizionario,N
Wunde,ferita,F
wo,dove,P
woher,da dove,P
wohin,dove,P
Wohnung,appartamento,F
Wohnheim,studentato,N
wohnen,abitare,V
Wolke,nuvola,F
wollen,volere,V
Wunsch,desiderio,M
wünschen,desiderare,V
Wurst,salsiccia,F
wütend,furioso,G
Wut,rabbia,F
zäh,tenace,G
Zahl,numero,F
zahlen,pagare,V
zählen,contare,V
zahlreich,numeroso,G
Zahn,dente,M
Zahnschmerzen,mal di denti,M
Zahnbürste,spazzolino,F
Zange,pinza,F
zärtlich,tenera,G
Zauber,magia,M
zaubern,incantare,V
Zaun,recinto,M
Zecke,zecca,F
Zeh,dito,M
zehn,dieci,N
Zehnter,decimo,M
Zeichen,segno,N
zeichnen,disegnare,V
zeigen,mostrare,V
Zeile,riga,F
Zelle,cellula,F
Zeit,tempo,F
zeitig,presto,G
Zeitschrift,rivista,F
Zelt,tenda,N
Zentrum,centro,N
zentral,centrale,G
zerbrechen,rompere,V
zerdrücken,schiacciare,V
zerreißen,strappare,V
Zerstörung,distruzione,F
Zettel,biglietto,M
Zeug,cosa,N
Ziegel,mattone,M
Ziege,capra,F
Ziegenkäse,caprino,M
ziehen,tirare,V
Ziel,obiettivo,N
ziemlich,abbastanza,A
Ziffer,cifra,F
Zifferblatt,quadrante,N
Zigarette,sigaretta,F
Zigarre,sigaro,F
Zimmer,camera,N
Zimmerdecke,soffitto,F
Zimmermädchen,cameriera,N
Zins,interesse,M
Zitrone,limone,F
zittern,tremare,V
zögern,esitare,V
Zoll,dogana,M
verzollen,daziare,V
Zorn,ira,M
zornig,irato,G
zu,a,P
Zubehör,accessori,N
zubereiten,preparare,V
Zucker,zucchero,M
zuerst,prima,A
Zufall,caso,M
zufällig,casuale,G
Zugang,accesso,M
Zug,treno,M
Zugeständnis,concessione,N
Zukunft,futuro,F
zukünftig,futuro,G
zulassen,permettere,V
zuletzt,infine,A
zunehmen,aumentare,V
Zunge,lingua,F
zurechtfinden,orientarsi,V
zurück,indietro,A
zurückkommen,ritornare,V
zurückkehren,rientrare,V
zusammen,insieme,A
zusammensetzen,comporre,V
zusammenbrechen,crollare,V
Zusammenhang,connessione,M
zusätzlich,aggiuntivo,G
Zusatz,aggiunta,M
Zustand,stato,M
zustimmen,approvare,V
zuverlässig,affidabile,G
Zuverlässigkeit,affidabilità,F
zwanzig,venti,N
zwei,due,N
Zweifel,dubbio,M
zweifeln,dubitare,V
Zweig,ramo,M
zweifach,doppio,G
Zwilling,gemello,M
zwingen,costringere,V
zwischen,tra,P
zwischenzeitlich,temporaneamente,G
zwölf,dodici,N
